Game Turn, Player, Regional Strength, Enemy Strength, Other Strength, Current Explorers, Desired Explorers
1, 0, 0, 0, 0, 1:0, 2:1, NO_TECH
1, 1, 0, 0, 0, 1:0, 3:1, NO_TECH
1, 2, 0, 0, 0, 1:0, 3:1, NO_TECH
1, 3, 0, 0, 0, 1:0, 3:1, NO_TECH
1, 4, 0, 0, 0, 1:0, 3:1, NO_TECH
1, 5, 0, 0, 0, 1:0, 3:1, NO_TECH
1, 6, 0, 0, 0, 0:0, 0:1, NO_TECH
1, 7, 0, 0, 0, 0:0, 0:1, NO_TECH
1, 8, 0, 0, 0, 0:0, 0:1, NO_TECH
1, 9, 0, 0, 0, 0:0, 0:1, NO_TECH
1, 10, 0, 0, 0, 0:0, 0:1, NO_TECH
1, 11, 0, 0, 0, 0:0, 0:1, NO_TECH
1, 12, 0, 0, 0, 0:0, 0:1, NO_TECH
1, 13, 0, 0, 0, 0:0, 0:1, NO_TECH
1, 14, 0, 0, 0, 0:0, 0:1, NO_TECH
2, 0, 20, 0, 0, 1:0, 1:1, NO_TECH
2, 1, 30, 0, 0, 2:0, 0:0, NO_TECH
2, 2, 30, 0, 0, 2:0, 0:0, NO_TECH
2, 3, 30, 0, 0, 2:0, 0:0, NO_TECH
2, 4, 30, 0, 0, 2:0, 0:0, NO_TECH
2, 5, 30, 0, 0, 2:0, 0:0, NO_TECH
2, 6, 40, 0, 0, 0:0, 0:1, NO_TECH
2, 7, 40, 0, 0, 0:0, 0:1, NO_TECH
2, 8, 40, 0, 0, 0:0, 0:1, NO_TECH
2, 9, 40, 0, 0, 0:0, 0:1, NO_TECH
2, 10, 55, 0, 0, 0:0, 0:1, NO_TECH
2, 11, 40, 0, 0, 0:0, 0:1, NO_TECH
2, 12, 40, 0, 0, 0:0, 0:1, NO_TECH
2, 13, 40, 0, 0, 0:0, 0:1, NO_TECH
2, 14, 40, 0, 0, 0:0, 0:1, NO_TECH
3, 0, 20, 0, 0, 1:0, 1:1, NO_TECH
3, 1, 30, 0, 0, 2:0, 0:0, NO_TECH
3, 2, 30, 0, 0, 2:0, 0:0, NO_TECH
3, 3, 30, 0, 0, 2:0, 0:0, NO_TECH
3, 4, 30, 0, 0, 2:0, 0:0, NO_TECH
3, 5, 30, 0, 0, 2:0, 0:0, NO_TECH
3, 6, 40, 0, 0, 0:0, 0:1, NO_TECH
3, 7, 40, 0, 0, 0:0, 0:1, NO_TECH
3, 8, 40, 0, 0, 0:0, 0:1, NO_TECH
3, 9, 40, 0, 0, 0:0, 0:1, NO_TECH
3, 10, 55, 0, 0, 0:0, 0:1, NO_TECH
3, 11, 40, 0, 0, 0:0, 0:1, NO_TECH
3, 12, 40, 0, 0, 0:0, 0:1, NO_TECH
3, 13, 40, 0, 0, 0:0, 0:1, NO_TECH
3, 14, 40, 0, 0, 0:0, 0:1, NO_TECH
4, 0, 20, 0, 0, 1:0, 2:1, NO_TECH
4, 1, 30, 0, 0, 2:0, 1:1, NO_TECH
4, 2, 30, 0, 0, 2:0, 1:1, NO_TECH
4, 3, 30, 0, 0, 2:0, 1:1, NO_TECH
4, 4, 30, 10, 0, 2:0, 1:1, NO_TECH
4, 5, 30, 0, 0, 2:0, 1:1, NO_TECH
4, 6, 40, 0, 0, 0:0, 0:1, NO_TECH
4, 7, 40, 0, 0, 0:0, 0:1, NO_TECH
4, 8, 40, 0, 0, 0:0, 0:1, NO_TECH
4, 9, 40, 0, 0, 0:0, 0:1, NO_TECH
4, 10, 55, 0, 0, 0:0, 0:1, NO_TECH
4, 11, 40, 0, 0, 0:0, 0:1, NO_TECH
4, 12, 40, 0, 0, 0:0, 0:1, NO_TECH
4, 13, 40, 0, 0, 0:0, 0:1, NO_TECH
4, 14, 40, 0, 0, 0:0, 0:1, NO_TECH
5, 0, 20, 0, 0, 1:0, 2:1, NO_TECH
5, 1, 30, 0, 20, 2:0, 1:1, NO_TECH
5, 2, 30, 0, 0, 2:0, 1:1, NO_TECH
5, 3, 10, 0, 0, 2:0, 1:1, NO_TECH
5, 4, 30, 10, 0, 2:0, 1:1, NO_TECH
5, 5, 10, 0, 0, 2:0, 1:1, NO_TECH
5, 6, 40, 0, 20, 0:0, 0:1, NO_TECH
5, 7, 40, 0, 0, 0:0, 0:1, NO_TECH
5, 8, 40, 0, 0, 0:0, 0:1, NO_TECH
5, 9, 40, 0, 0, 0:0, 0:1, NO_TECH
5, 10, 55, 0, 0, 0:0, 0:1, NO_TECH
5, 11, 40, 0, 0, 0:0, 0:1, NO_TECH
5, 12, 40, 0, 0, 0:0, 0:1, NO_TECH
5, 13, 40, 0, 0, 0:0, 0:1, NO_TECH
5, 14, 40, 0, 0, 0:0, 0:1, NO_TECH
6, 0, 20, 0, 0, 1:0, 2:1, NO_TECH
6, 1, 30, 0, 20, 2:0, 1:1, NO_TECH
6, 2, 10, 10, 0, 2:0, 1:1, NO_TECH
6, 3, 10, 0, 0, 2:0, 1:1, NO_TECH
6, 4, 30, 10, 0, 2:0, 1:1, NO_TECH
6, 5, 10, 0, 0, 2:0, 1:1, NO_TECH
6, 6, 40, 0, 20, 0:0, 0:1, NO_TECH
6, 7, 40, 0, 0, 0:0, 0:1, NO_TECH
6, 8, 40, 0, 0, 0:0, 0:1, NO_TECH
6, 9, 40, 0, 0, 0:0, 0:1, NO_TECH
6, 10, 55, 0, 0, 0:0, 0:1, NO_TECH
6, 11, 40, 0, 0, 0:0, 0:1, NO_TECH
6, 12, 40, 0, 10, 0:0, 0:1, NO_TECH
6, 13, 20, 0, 0, 0:0, 0:1, NO_TECH
6, 14, 40, 0, 0, 0:0, 0:1, NO_TECH
7, 0, 20, 0, 0, 1:0, 2:1, NO_TECH
7, 1, 30, 0, 40, 2:0, 2:1, NO_TECH
7, 2, 10, 10, 0, 1:0, 2:1, NO_TECH
7, 3, 10, 0, 0, 2:0, 1:1, NO_TECH
7, 4, 30, 10, 0, 2:0, 2:1, NO_TECH
7, 5, 10, 0, 0, 2:0, 1:1, NO_TECH
7, 6, 40, 0, 20, 0:0, 0:1, NO_TECH
7, 7, 40, 0, 0, 0:0, 0:1, NO_TECH
7, 8, 40, 0, 0, 0:0, 0:1, NO_TECH
7, 9, 40, 0, 0, 0:0, 0:1, NO_TECH
7, 10, 55, 0, 0, 0:0, 0:1, NO_TECH
7, 11, 40, 0, 0, 0:0, 0:1, NO_TECH
7, 12, 40, 0, 10, 0:0, 0:1, NO_TECH
7, 13, 20, 0, 0, 0:0, 0:1, NO_TECH
7, 14, 40, 0, 0, 0:0, 0:1, NO_TECH
8, 0, 20, 0, 0, 1:0, 2:1, NO_TECH
8, 1, 30, 0, 40, 2:0, 2:1, NO_TECH
8, 2, 10, 10, 0, 1:0, 3:1, NO_TECH
8, 3, 10, 0, 0, 2:0, 2:1, NO_TECH
8, 4, 45, 10, 0, 2:0, 2:1, NO_TECH
8, 5, 30, 35, 0, 2:0, 2:1, NO_TECH
8, 6, 40, 0, 20, 0:0, 0:1, NO_TECH
8, 7, 40, 0, 0, 0:0, 0:1, NO_TECH
8, 8, 40, 0, 0, 0:0, 0:1, NO_TECH
8, 9, 40, 0, 0, 0:0, 0:1, NO_TECH
8, 10, 55, 0, 0, 0:0, 0:1, NO_TECH
8, 11, 40, 0, 0, 0:0, 0:1, NO_TECH
8, 12, 40, 10, 10, 0:0, 0:1, NO_TECH
8, 13, 40, 0, 0, 0:0, 0:1, NO_TECH
8, 14, 20, 0, 0, 0:0, 0:1, NO_TECH
9, 0, 20, 0, 0, 1:0, 2:1, NO_TECH
9, 1, 20, 0, 40, 2:0, 2:1, NO_TECH
9, 2, 10, 10, 0, 1:0, 3:1, NO_TECH
9, 3, 10, 0, 20, 2:0, 2:1, NO_TECH
9, 4, 45, 10, 0, 3:0, 2:1, NO_TECH
9, 5, 30, 35, 0, 1:0, 3:1, NO_TECH
9, 6, 40, 0, 20, 0:0, 0:1, NO_TECH
9, 7, 40, 0, 0, 0:0, 0:1, NO_TECH
9, 8, 40, 0, 0, 0:0, 0:1, NO_TECH
9, 9, 40, 0, 0, 0:0, 0:1, NO_TECH
9, 10, 55, 0, 0, 0:0, 0:1, NO_TECH
9, 11, 40, 0, 0, 0:0, 0:1, NO_TECH
9, 12, 40, 10, 10, 0:0, 0:1, NO_TECH
9, 13, 20, 0, 0, 0:0, 0:1, NO_TECH
9, 14, 40, 0, 10, 0:0, 0:1, NO_TECH
10, 0, 30, 0, 0, 2:0, 1:1, NO_TECH
10, 1, 30, 0, 20, 2:0, 2:1, NO_TECH
10, 2, 10, 10, 20, 1:0, 3:1, NO_TECH
10, 3, 10, 0, 20, 2:0, 2:1, NO_TECH
10, 4, 45, 25, 0, 3:0, 2:1, TECH_ARCHERY
10, 5, 30, 35, 0, 1:0, 3:1, NO_TECH
10, 6, 40, 10, 20, 0:0, 0:1, NO_TECH
10, 7, 40, 0, 10, 0:0, 0:1, NO_TECH
10, 8, 40, 0, 0, 0:0, 0:1, NO_TECH
10, 9, 40, 0, 0, 0:0, 0:1, NO_TECH
10, 10, 55, 0, 0, 0:0, 0:1, NO_TECH
10, 11, 40, 0, 0, 0:0, 0:1, NO_TECH
10, 12, 40, 10, 0, 0:0, 0:1, NO_TECH
10, 13, 20, 0, 0, 0:0, 0:1, NO_TECH
10, 14, 40, 0, 0, 0:0, 0:1, NO_TECH
11, 0, 30, 0, 0, 2:0, 2:1, NO_TECH
11, 1, 30, 0, 20, 2:0, 2:1, NO_TECH
11, 2, 30, 10, 20, 1:0, 3:1, NO_TECH
11, 3, 30, 0, 20, 2:0, 2:1, NO_TECH
11, 4, 45, 35, 0, 1:0, 3:1, TECH_ARCHERY
11, 5, 30, 35, 0, 1:0, 3:1, NO_TECH
11, 6, 40, 10, 0, 0:0, 0:1, NO_TECH
11, 7, 40, 0, 10, 0:0, 0:1, NO_TECH
11, 8, 40, 0, 0, 0:0, 0:1, NO_TECH
11, 9, 40, 0, 0, 0:0, 0:1, NO_TECH
11, 10, 55, 0, 0, 0:0, 0:1, NO_TECH
11, 11, 40, 0, 0, 0:0, 0:1, NO_TECH
11, 12, 40, 10, 0, 0:0, 0:1, NO_TECH
11, 13, 40, 10, 0, 0:0, 0:1, NO_TECH
11, 14, 20, 0, 0, 0:0, 0:1, NO_TECH
12, 0, 30, 0, 0, 2:0, 2:1, NO_TECH
12, 1, 30, 15, 0, 1:0, 3:1, NO_TECH
12, 2, 30, 10, 40, 1:0, 3:1, NO_TECH
12, 3, 30, 10, 20, 2:0, 2:1, NO_TECH
12, 4, 45, 45, 0, 1:0, 3:1, TECH_ARCHERY
12, 5, 30, 25, 0, 1:0, 3:1, NO_TECH
12, 6, 40, 10, 0, 0:0, 0:1, NO_TECH
12, 7, 40, 0, 10, 0:0, 0:1, NO_TECH
12, 8, 40, 0, 0, 0:0, 0:1, NO_TECH
12, 9, 40, 0, 0, 0:0, 0:1, NO_TECH
12, 10, 55, 0, 20, 0:0, 0:1, NO_TECH
12, 11, 40, 0, 0, 0:0, 0:1, NO_TECH
12, 12, 40, 20, 0, 0:0, 0:1, NO_TECH
12, 13, 40, 10, 0, 0:0, 0:1, NO_TECH
12, 14, 40, 0, 0, 0:0, 0:1, NO_TECH
13, 0, 30, 10, 0, 2:0, 2:1, NO_TECH
13, 1, 30, 15, 0, 1:0, 3:1, NO_TECH
13, 2, 30, 20, 40, 1:0, 3:1, NO_TECH
13, 3, 10, 10, 20, 2:0, 2:1, NO_TECH
13, 4, 55, 45, 0, 2:0, 3:1, TECH_ARCHERY
13, 5, 10, 0, 0, 1:0, 3:1, TECH_BRONZE_WORKING
13, 6, 40, 10, 0, 0:0, 0:1, NO_TECH
13, 7, 40, 0, 10, 0:0, 0:1, NO_TECH
13, 8, 40, 0, 35, 0:0, 0:1, NO_TECH
13, 9, 40, 0, 0, 0:0, 0:1, NO_TECH
13, 10, 55, 0, 40, 0:0, 0:1, NO_TECH
13, 11, 40, 0, 0, 0:0, 0:1, NO_TECH
13, 12, 40, 20, 35, 0:0, 0:1, NO_TECH
13, 13, 40, 10, 0, 0:0, 0:1, NO_TECH
13, 14, 40, 0, 0, 0:0, 0:1, NO_TECH
14, 0, 30, 10, 0, 2:0, 2:1, NO_TECH
14, 1, 30, 15, 0, 1:0, 3:1, NO_TECH
14, 2, 45, 20, 40, 2:0, 3:1, NO_TECH
14, 3, 10, 10, 20, 2:0, 2:1, NO_TECH
14, 4, 65, 35, 20, 3:0, 3:1, TECH_ARCHERY
14, 5, 20, 0, 0, 2:0, 3:1, TECH_BRONZE_WORKING
14, 6, 40, 10, 0, 0:0, 0:1, NO_TECH
14, 7, 40, 10, 10, 0:0, 0:1, NO_TECH
14, 8, 40, 0, 35, 0:0, 0:1, NO_TECH
14, 9, 40, 10, 0, 0:0, 0:1, NO_TECH
14, 10, 55, 0, 40, 0:0, 0:1, NO_TECH
14, 11, 60, 0, 0, 0:0, 0:1, NO_TECH
14, 12, 60, 20, 35, 0:0, 0:1, NO_TECH
14, 13, 40, 10, 0, 0:0, 0:1, NO_TECH
14, 14, 20, 0, 0, 0:0, 0:1, NO_TECH
15, 0, 30, 10, 0, 2:0, 2:1, NO_TECH
15, 1, 30, 0, 0, 2:0, 2:1, NO_TECH
15, 2, 45, 10, 20, 2:0, 3:1, NO_TECH
15, 3, 10, 50, 20, 2:0, 2:1, TECH_HORSEBACK_RIDING
15, 4, 65, 25, 20, 3:0, 3:1, TECH_ARCHERY
15, 5, 20, 0, 0, 2:0, 3:1, TECH_BRONZE_WORKING
15, 6, 40, 10, 0, 0:0, 0:1, NO_TECH
15, 7, 40, 10, 30, 0:0, 0:1, NO_TECH
15, 8, 40, 10, 35, 0:0, 0:1, NO_TECH
15, 9, 40, 10, 0, 0:0, 0:1, NO_TECH
15, 10, 55, 10, 40, 0:0, 0:1, NO_TECH
15, 11, 60, 0, 0, 0:0, 0:1, NO_TECH
15, 12, 60, 20, 35, 0:0, 0:1, NO_TECH
15, 13, 20, 10, 0, 0:0, 0:1, NO_TECH
15, 14, 40, 0, 0, 0:0, 0:1, NO_TECH
16, 0, 30, 10, 0, 2:0, 3:1, NO_TECH
16, 1, 30, 0, 0, 2:0, 2:1, NO_TECH
16, 2, 45, 10, 20, 2:0, 3:1, NO_TECH
16, 3, 10, 50, 20, 1:0, 3:1, TECH_HORSEBACK_RIDING
16, 4, 65, 45, 20, 3:0, 3:1, TECH_ARCHERY
16, 5, 20, 0, 0, 2:0, 3:1, TECH_BRONZE_WORKING
16, 6, 40, 10, 0, 0:0, 0:1, NO_TECH
16, 7, 40, 10, 30, 0:0, 0:1, NO_TECH
16, 8, 40, 10, 35, 0:0, 0:1, NO_TECH
16, 9, 40, 20, 0, 0:0, 0:1, NO_TECH
16, 10, 55, 10, 40, 0:0, 0:1, NO_TECH
16, 11, 60, 0, 0, 0:0, 0:1, NO_TECH
16, 12, 60, 20, 35, 0:0, 0:1, NO_TECH
16, 13, 20, 10, 0, 0:0, 0:1, NO_TECH
16, 14, 50, 0, 0, 0:0, 0:1, NO_TECH
17, 0, 30, 10, 0, 2:0, 3:1, NO_TECH
17, 1, 30, 20, 0, 2:0, 2:1, NO_TECH
17, 2, 45, 10, 20, 1:0, 3:1, NO_TECH
17, 3, 10, 50, 20, 1:0, 3:1, TECH_HORSEBACK_RIDING
17, 4, 55, 90, 0, 3:0, 3:1, TECH_ARCHERY
17, 5, 20, 0, 0, 2:0, 3:1, TECH_BRONZE_WORKING
17, 6, 40, 10, 0, 0:0, 0:1, NO_TECH
17, 7, 40, 10, 30, 0:0, 0:1, NO_TECH
17, 8, 40, 10, 35, 0:0, 0:1, NO_TECH
17, 9, 40, 20, 0, 0:0, 0:1, NO_TECH
17, 10, 55, 10, 40, 0:0, 0:1, NO_TECH
17, 11, 90, 0, 0, 0:0, 0:1, NO_TECH
17, 12, 60, 10, 20, 0:0, 0:1, NO_TECH
17, 13, 20, 10, 0, 0:0, 0:1, NO_TECH
17, 14, 50, 0, 0, 0:0, 0:1, NO_TECH
18, 0, 30, 10, 0, 2:0, 3:1, NO_TECH
18, 1, 30, 35, 20, 2:0, 2:1, NO_TECH
18, 2, 45, 10, 20, 1:0, 3:1, NO_TECH
18, 3, 10, 40, 20, 1:0, 3:1, TECH_HORSEBACK_RIDING
18, 4, 55, 90, 0, 3:0, 3:1, TECH_ARCHERY
18, 5, 20, 10, 0, 2:0, 3:1, TECH_BRONZE_WORKING
18, 6, 40, 10, 0, 0:0, 0:1, NO_TECH
18, 7, 40, 10, 30, 0:0, 0:1, NO_TECH
18, 8, 40, 0, 35, 0:0, 0:1, NO_TECH
18, 9, 40, 10, 0, 0:0, 0:1, NO_TECH
18, 10, 55, 0, 40, 0:0, 0:1, NO_TECH
18, 11, 90, 20, 0, 0:0, 0:1, NO_TECH
18, 12, 60, 0, 20, 0:0, 0:1, NO_TECH
18, 13, 20, 10, 0, 0:0, 0:1, NO_TECH
18, 14, 70, 0, 0, 0:0, 0:1, NO_TECH
19, 0, 30, 20, 0, 2:0, 3:1, NO_TECH
19, 1, 45, 35, 20, 3:0, 2:1, NO_TECH
19, 2, 45, 10, 40, 1:0, 3:1, TECH_BRONZE_WORKING
19, 3, 10, 0, 20, 1:0, 3:1, TECH_HORSEBACK_RIDING
19, 4, 55, 80, 20, 3:0, 3:1, TECH_ARCHERY
19, 5, 20, 10, 0, 2:0, 3:1, TECH_BRONZE_WORKING
19, 6, 40, 10, 0, 0:0, 0:1, NO_TECH
19, 7, 40, 0, 30, 0:0, 0:1, NO_TECH
19, 8, 70, 0, 35, 0:0, 0:1, NO_TECH
19, 9, 40, 10, 10, 0:0, 0:1, NO_TECH
19, 10, 55, 0, 40, 0:0, 0:1, NO_TECH
19, 11, 90, 45, 0, 0:0, 0:1, NO_TECH
19, 12, 60, 45, 20, 0:0, 0:1, TECH_ARCHERY
19, 13, 20, 10, 0, 0:0, 0:1, NO_TECH
19, 14, 70, 0, 0, 0:0, 0:1, NO_TECH
20, 0, 40, 55, 0, 3:0, 2:1, NO_TECH
20, 1, 45, 35, 20, 1:0, 3:1, NO_TECH
20, 2, 45, 30, 40, 1:0, 3:1, TECH_THE_WHEEL
20, 3, 10, 0, 20, 1:0, 3:1, TECH_HORSEBACK_RIDING
20, 4, 70, 70, 40, 3:0, 3:1, TECH_ARCHERY
20, 5, 40, 30, 0, 3:0, 3:1, TECH_ARCHERY
20, 6, 40, 10, 0, 0:0, 0:1, NO_TECH
20, 7, 20, 0, 30, 0:0, 0:1, NO_TECH
20, 8, 70, 0, 35, 0:0, 0:1, NO_TECH
20, 9, 40, 20, 10, 0:0, 0:1, NO_TECH
20, 10, 55, 0, 40, 0:0, 0:1, NO_TECH
20, 11, 90, 45, 0, 0:0, 0:1, NO_TECH
20, 12, 60, 45, 20, 0:0, 0:1, TECH_HORSEBACK_RIDING
20, 13, 40, 10, 0, 0:0, 0:1, NO_TECH
20, 14, 70, 0, 0, 0:0, 0:1, NO_TECH
21, 0, 50, 75, 0, 3:0, 3:1, NO_TECH
21, 1, 45, 45, 20, 1:0, 3:1, NO_TECH
21, 2, 65, 40, 40, 2:0, 3:1, TECH_THE_WHEEL
21, 3, 0, 0, 20, 1:0, 3:1, TECH_HORSEBACK_RIDING
21, 4, 45, 60, 60, 4:0, 3:1, TECH_ARCHERY
21, 5, 40, 20, 0, 2:0, 3:1, TECH_ARCHERY
21, 6, 40, 10, 0, 0:0, 0:1, NO_TECH
21, 7, 40, 0, 30, 0:0, 0:1, NO_TECH
21, 8, 70, 0, 35, 0:0, 0:1, NO_TECH
21, 9, 40, 20, 10, 0:0, 0:1, NO_TECH
21, 10, 55, 0, 20, 0:0, 0:1, NO_TECH
21, 11, 90, 45, 0, 0:0, 0:1, NO_TECH
21, 12, 60, 45, 20, 0:0, 0:1, TECH_HORSEBACK_RIDING
21, 13, 40, 10, 0, 0:0, 0:1, NO_TECH
21, 14, 70, 0, 0, 0:0, 0:1, NO_TECH
22, 0, 70, 75, 0, 4:0, 1:1, NO_TECH
22, 1, 45, 30, 0, 0:0, 3:1, NO_TECH
22, 2, 65, 55, 40, 1:0, 3:1, TECH_THE_WHEEL
22, 3, 10, 15, 0, 2:0, 3:1, TECH_HORSEBACK_RIDING
22, 4, 45, 60, 60, 3:0, 3:1, TECH_ARCHERY
22, 5, 40, 75, 0, 2:0, 3:1, TECH_ARCHERY
22, 6, 40, 10, 0, 0:0, 0:1, NO_TECH
22, 7, 40, 0, 30, 0:0, 0:1, NO_TECH
22, 8, 40, 0, 35, 0:0, 0:1, NO_TECH
22, 9, 40, 20, 10, 0:0, 0:1, NO_TECH
22, 10, 55, 0, 20, 0:0, 0:1, NO_TECH
22, 11, 90, 25, 0, 0:0, 0:1, NO_TECH
22, 12, 60, 45, 10, 0:0, 0:1, TECH_HORSEBACK_RIDING
22, 13, 40, 0, 0, 0:0, 0:1, NO_TECH
22, 14, 70, 0, 0, 0:0, 0:1, NO_TECH
23, 0, 70, 50, 0, 4:0, 2:1, NO_TECH
23, 1, 45, 30, 10, 0:0, 3:1, NO_TECH
23, 2, 85, 55, 20, 2:0, 3:1, TECH_IRON_WORKING
23, 3, 30, 25, 0, 1:0, 3:1, TECH_HORSEBACK_RIDING
23, 4, 45, 70, 20, 3:0, 3:1, TECH_ARCHERY
23, 5, 40, 75, 0, 2:0, 3:1, TECH_ARCHERY
23, 6, 40, 0, 0, 0:0, 0:1, NO_TECH
23, 7, 40, 0, 30, 0:0, 0:1, NO_TECH
23, 8, 40, 0, 35, 0:0, 0:1, NO_TECH
23, 9, 40, 10, 0, 0:0, 0:1, NO_TECH
23, 10, 55, 0, 40, 0:0, 0:1, NO_TECH
23, 11, 40, 25, 0, 0:0, 0:1, NO_TECH
23, 12, 60, 25, 10, 0:0, 0:1, TECH_HORSEBACK_RIDING
23, 13, 40, 0, 0, 0:0, 0:1, NO_TECH
23, 14, 70, 0, 0, 0:0, 0:1, NO_TECH
24, 0, 90, 55, 0, 5:0, 2:1, NO_TECH
24, 1, 45, 30, 20, 0:0, 3:1, NO_TECH
24, 2, 85, 55, 20, 2:0, 3:1, TECH_IRON_WORKING
24, 3, 30, 45, 0, 1:0, 3:1, TECH_STIRRUPS
24, 4, 45, 70, 0, 3:0, 3:1, TECH_ARCHERY
24, 5, 40, 75, 0, 1:0, 3:1, TECH_ARCHERY
24, 6, 40, 10, 0, 0:0, 0:1, NO_TECH
24, 7, 65, 10, 30, 0:0, 0:1, NO_TECH
24, 8, 70, 0, 35, 0:0, 0:1, NO_TECH
24, 9, 40, 10, 0, 0:0, 0:1, NO_TECH
24, 10, 55, 0, 40, 0:0, 0:1, NO_TECH
24, 11, 40, 40, 0, 0:0, 0:1, NO_TECH
24, 12, 60, 25, 10, 0:0, 0:1, TECH_HORSEBACK_RIDING
24, 13, 40, 0, 0, 0:0, 0:1, NO_TECH
24, 14, 40, 0, 0, 0:0, 0:1, NO_TECH
25, 0, 90, 35, 0, 5:0, 3:1, NO_TECH
25, 1, 45, 30, 20, 1:0, 3:1, NO_TECH
25, 2, 110, 70, 40, 2:0, 3:1, TECH_IRON_WORKING
25, 3, 50, 65, 0, 1:0, 3:1, TECH_STIRRUPS
25, 4, 45, 90, 20, 3:0, 3:1, TECH_ARCHERY
25, 5, 60, 90, 0, 2:0, 3:1, TECH_ARCHERY
25, 6, 40, 10, 0, 0:0, 0:1, NO_TECH
25, 7, 65, 10, 30, 0:0, 0:1, NO_TECH
25, 8, 70, 0, 35, 0:0, 0:1, NO_TECH
25, 9, 40, 10, 20, 0:0, 0:1, NO_TECH
25, 10, 55, 0, 40, 0:0, 0:1, NO_TECH
25, 11, 40, 40, 0, 0:0, 0:1, NO_TECH
25, 12, 60, 0, 10, 0:0, 0:1, TECH_HORSEBACK_RIDING
25, 13, 40, 0, 0, 0:0, 0:1, NO_TECH
25, 14, 40, 0, 40, 0:0, 0:1, NO_TECH
26, 0, 100, 45, 0, 5:0, 3:1, NO_TECH
26, 1, 45, 30, 20, 1:0, 3:1, NO_TECH
26, 2, 110, 80, 40, 2:0, 3:1, TECH_IRON_WORKING
26, 3, 50, 65, 0, 1:0, 3:1, TECH_STIRRUPS
26, 4, 45, 80, 20, 3:0, 3:1, TECH_ARCHERY
26, 5, 80, 90, 0, 1:0, 3:1, TECH_ARCHERY
26, 6, 40, 10, 0, 0:0, 0:1, NO_TECH
26, 7, 65, 10, 10, 0:0, 0:1, NO_TECH
26, 8, 70, 0, 35, 0:0, 0:1, NO_TECH
26, 9, 40, 10, 20, 0:0, 0:1, NO_TECH
26, 10, 55, 0, 40, 0:0, 0:1, NO_TECH
26, 11, 40, 40, 0, 0:0, 0:1, NO_TECH
26, 12, 60, 0, 0, 0:0, 0:1, TECH_HORSEBACK_RIDING
26, 13, 40, 0, 0, 0:0, 0:1, NO_TECH
26, 14, 40, 0, 40, 0:0, 0:1, NO_TECH
27, 0, 100, 45, 0, 5:0, 3:1, NO_TECH
27, 1, 45, 20, 20, 1:0, 3:1, TECH_ARCHERY
27, 2, 110, 100, 40, 2:0, 3:1, TECH_IRON_WORKING
27, 3, 50, 85, 0, 1:0, 3:1, TECH_STIRRUPS
27, 4, 45, 80, 20, 3:0, 3:1, TECH_ARCHERY
27, 5, 70, 90, 0, 1:0, 3:1, TECH_ARCHERY
27, 6, 40, 30, 0, 0:0, 0:1, TECH_HORSEBACK_RIDING
27, 7, 65, 20, 0, 0:0, 0:1, NO_TECH
27, 8, 70, 0, 35, 0:0, 0:1, NO_TECH
27, 9, 40, 10, 20, 0:0, 0:1, NO_TECH
27, 10, 55, 0, 40, 0:0, 0:1, NO_TECH
27, 11, 40, 40, 0, 0:0, 0:1, NO_TECH
27, 12, 60, 0, 0, 0:0, 0:1, TECH_HORSEBACK_RIDING
27, 13, 40, 0, 0, 0:0, 0:1, NO_TECH
27, 14, 40, 0, 40, 0:0, 0:1, NO_TECH
28, 0, 120, 65, 0, 6:0, 3:1, NO_TECH
28, 1, 45, 35, 10, 1:0, 3:1, TECH_ARCHERY
28, 2, 130, 100, 40, 2:0, 3:1, TECH_IRON_WORKING
28, 3, 50, 85, 0, 1:0, 3:1, TECH_STIRRUPS
28, 4, 35, 80, 40, 4:0, 3:1, TECH_ARCHERY
28, 5, 90, 85, 0, 1:0, 3:1, TECH_ENGINEERING
28, 6, 40, 30, 0, 0:0, 0:1, TECH_HORSEBACK_RIDING
28, 7, 65, 20, 0, 0:0, 0:1, NO_TECH
28, 8, 70, 0, 20, 0:0, 0:1, NO_TECH
28, 9, 40, 10, 20, 0:0, 0:1, NO_TECH
28, 10, 55, 0, 40, 0:0, 0:1, NO_TECH
28, 11, 40, 25, 0, 0:0, 0:1, NO_TECH
28, 12, 60, 0, 0, 0:0, 0:1, TECH_HORSEBACK_RIDING
28, 13, 65, 0, 0, 0:0, 0:1, NO_TECH
28, 14, 40, 0, 0, 0:0, 0:1, NO_TECH
29, 0, 120, 85, 0, 6:0, 3:1, NO_TECH
29, 1, 45, 35, 10, 1:0, 3:1, TECH_ARCHERY
29, 2, 130, 80, 20, 1:0, 3:1, TECH_IRON_WORKING
29, 3, 40, 0, 0, 2:0, 3:1, TECH_STIRRUPS
29, 4, 35, 95, 40, 3:0, 3:1, TECH_ARCHERY
29, 5, 108, 80, 0, 0:0, 3:1, TECH_ENGINEERING
29, 6, 40, 30, 0, 0:0, 0:1, TECH_HORSEBACK_RIDING
29, 7, 65, 20, 0, 0:0, 0:1, NO_TECH
29, 8, 40, 0, 20, 0:0, 0:1, TECH_IRON_WORKING
29, 9, 40, 10, 10, 0:0, 0:1, NO_TECH
29, 10, 55, 0, 40, 0:0, 0:1, NO_TECH
29, 11, 70, 25, 0, 0:0, 0:1, NO_TECH
29, 12, 60, 0, 0, 0:0, 0:1, TECH_HORSEBACK_RIDING
29, 13, 65, 0, 0, 0:0, 0:1, NO_TECH
29, 14, 40, 25, 0, 0:0, 0:1, NO_TECH
30, 0, 140, 85, 0, 6:0, 3:1, NO_TECH
30, 1, 45, 35, 10, 1:0, 3:1, TECH_HORSEBACK_RIDING
30, 2, 120, 85, 20, 1:0, 3:1, TECH_IRON_WORKING
30, 3, 80, 0, 0, 1:0, 3:1, TECH_STIRRUPS
30, 4, 35, 120, 40, 3:0, 3:1, TECH_ARCHERY
30, 5, 108, 80, 0, 1:0, 3:1, TECH_IRON_WORKING
30, 6, 40, 20, 0, 0:0, 0:1, TECH_HORSEBACK_RIDING
30, 7, 65, 20, 0, 0:0, 0:1, NO_TECH
30, 8, 70, 0, 35, 0:0, 0:1, TECH_HORSEBACK_RIDING
30, 9, 40, 10, 10, 0:0, 0:1, NO_TECH
30, 10, 55, 0, 20, 0:0, 0:1, TECH_HORSEBACK_RIDING
30, 11, 40, 25, 0, 0:0, 0:1, NO_TECH
30, 12, 60, 0, 0, 0:0, 0:1, TECH_HORSEBACK_RIDING
30, 13, 65, 0, 0, 0:0, 0:1, NO_TECH
30, 14, 40, 25, 0, 0:0, 0:1, TECH_THE_WHEEL
31, 0, 160, 70, 0, 6:0, 3:1, NO_TECH
31, 1, 45, 55, 20, 1:0, 3:1, TECH_HORSEBACK_RIDING
31, 2, 190, 85, 20, 2:0, 3:1, TECH_IRON_WORKING
31, 3, 80, 0, 0, 3:0, 3:1, TECH_STIRRUPS
31, 4, 50, 120, 20, 3:0, 3:1, TECH_ARCHERY
31, 5, 136, 70, 0, 0:0, 3:1, TECH_IRON_WORKING
31, 6, 40, 0, 0, 0:0, 0:1, TECH_HORSEBACK_RIDING
31, 7, 65, 20, 0, 0:0, 0:1, NO_TECH
31, 8, 40, 0, 35, 0:0, 0:1, TECH_HORSEBACK_RIDING
31, 9, 40, 20, 10, 0:0, 0:1, NO_TECH
31, 10, 55, 0, 20, 0:0, 0:1, TECH_HORSEBACK_RIDING
31, 11, 40, 0, 0, 0:0, 0:1, NO_TECH
31, 12, 65, 0, 0, 0:0, 0:1, TECH_HORSEBACK_RIDING
31, 13, 90, 0, 0, 0:0, 0:1, NO_TECH
31, 14, 40, 25, 0, 0:0, 0:1, TECH_ARCHERY
32, 0, 160, 60, 0, 6:0, 3:1, NO_TECH
32, 1, 70, 55, 20, 2:0, 3:1, TECH_HORSEBACK_RIDING
32, 2, 180, 105, 20, 1:0, 3:1, TECH_HORSEBACK_RIDING
32, 3, 80, 0, 0, 2:0, 3:1, TECH_STIRRUPS
32, 4, 35, 120, 20, 2:0, 3:1, TECH_ARCHERY
32, 5, 136, 50, 0, 1:0, 3:1, TECH_HORSEBACK_RIDING
32, 6, 40, 0, 20, 0:0, 0:1, TECH_STIRRUPS
32, 7, 65, 10, 0, 0:0, 0:1, NO_TECH
32, 8, 40, 0, 35, 0:0, 0:1, TECH_HORSEBACK_RIDING
32, 9, 40, 20, 10, 0:0, 0:1, NO_TECH
32, 10, 55, 0, 0, 0:0, 0:1, TECH_HORSEBACK_RIDING
32, 11, 40, 20, 0, 0:0, 0:1, NO_TECH
32, 12, 65, 0, 0, 0:0, 0:1, TECH_HORSEBACK_RIDING
32, 13, 90, 0, 0, 0:0, 0:1, NO_TECH
32, 14, 40, 25, 0, 0:0, 0:1, TECH_HORSEBACK_RIDING
33, 0, 180, 40, 0, 7:0, 3:1, NO_TECH
33, 1, 70, 35, 20, 1:0, 3:1, TECH_HORSEBACK_RIDING
33, 2, 180, 105, 0, 2:0, 3:1, TECH_HORSEBACK_RIDING
33, 3, 80, 0, 0, 2:0, 3:1, TECH_STIRRUPS
33, 4, 35, 120, 0, 2:0, 3:1, TECH_ARCHERY
33, 5, 136, 105, 0, 0:0, 3:1, TECH_HORSEBACK_RIDING
33, 6, 40, 20, 20, 0:0, 0:1, TECH_STIRRUPS
33, 7, 90, 0, 0, 0:0, 0:1, NO_TECH
33, 8, 40, 0, 20, 0:0, 0:1, TECH_HORSEBACK_RIDING
33, 9, 40, 20, 10, 0:0, 0:1, NO_TECH
33, 10, 55, 0, 0, 0:0, 0:1, TECH_HORSEBACK_RIDING
33, 11, 40, 35, 0, 0:0, 0:1, TECH_THE_WHEEL
33, 12, 65, 0, 0, 0:0, 0:1, TECH_HORSEBACK_RIDING
33, 13, 90, 0, 0, 0:0, 0:1, NO_TECH
33, 14, 40, 25, 0, 0:0, 0:1, TECH_HORSEBACK_RIDING
34, 0, 180, 70, 0, 6:0, 3:1, NO_TECH
34, 1, 80, 50, 20, 2:0, 3:1, TECH_HORSEBACK_RIDING
34, 2, 165, 110, 0, 2:0, 3:1, TECH_HORSEBACK_RIDING
34, 3, 80, 0, 0, 1:0, 3:1, TECH_STIRRUPS
34, 4, 35, 95, 0, 2:0, 3:1, TECH_ARCHERY
34, 5, 161, 105, 0, 0:0, 3:1, TECH_HORSEBACK_RIDING
34, 6, 40, 55, 20, 0:0, 0:1, TECH_STIRRUPS
34, 7, 90, 0, 0, 0:0, 0:1, NO_TECH
34, 8, 40, 0, 20, 0:0, 0:1, TECH_HORSEBACK_RIDING
34, 9, 40, 10, 0, 0:0, 0:1, NO_TECH
34, 10, 80, 0, 0, 0:0, 0:1, TECH_HORSEBACK_RIDING
34, 11, 40, 35, 0, 0:0, 0:1, TECH_THE_WHEEL
34, 12, 85, 0, 0, 0:0, 0:1, TECH_HORSEBACK_RIDING
34, 13, 115, 0, 0, 0:0, 0:1, NO_TECH
34, 14, 20, 0, 0, 0:0, 0:1, TECH_HORSEBACK_RIDING
35, 0, 200, 50, 0, 4:0, 3:1, NO_TECH
35, 1, 65, 50, 20, 2:0, 3:1, TECH_HORSEBACK_RIDING
35, 2, 190, 110, 25, 3:0, 3:1, TECH_HORSEBACK_RIDING
35, 3, 80, 0, 0, 1:0, 3:1, TECH_STIRRUPS
35, 4, 35, 85, 0, 2:0, 3:1, TECH_ARCHERY
35, 5, 161, 125, 0, 1:0, 3:1, TECH_HORSEBACK_RIDING
35, 6, 40, 55, 0, 0:0, 0:1, TECH_STIRRUPS
35, 7, 90, 0, 20, 0:0, 0:1, NO_TECH
35, 8, 40, 0, 40, 0:0, 0:1, TECH_HORSEBACK_RIDING
35, 9, 40, 10, 0, 0:0, 0:1, NO_TECH
35, 10, 80, 0, 0, 0:0, 0:1, TECH_HORSEBACK_RIDING
35, 11, 40, 35, 0, 0:0, 0:1, TECH_THE_WHEEL
35, 12, 65, 0, 0, 0:0, 0:1, TECH_HORSEBACK_RIDING
35, 13, 115, 0, 0, 0:0, 0:1, NO_TECH
35, 14, 0, 0, 0, 0:0, 0:1, TECH_HORSEBACK_RIDING
36, 0, 200, 65, 0, 3:0, 3:1, NO_TECH
36, 1, 65, 50, 20, 2:0, 3:1, TECH_HORSEBACK_RIDING
36, 2, 170, 95, 25, 1:0, 1:1, TECH_HORSEBACK_RIDING
36, 3, 80, 0, 0, 1:0, 3:1, TECH_STIRRUPS
36, 4, 45, 100, 0, 3:0, 2:1, TECH_HORSEBACK_RIDING
36, 5, 186, 145, 0, 0:0, 3:1, TECH_HORSEBACK_RIDING
36, 6, 40, 55, 0, 0:0, 0:1, TECH_STIRRUPS
36, 7, 90, 0, 20, 0:0, 0:1, NO_TECH
36, 8, 40, 0, 60, 0:0, 0:1, TECH_HORSEBACK_RIDING
36, 9, 40, 10, 0, 0:0, 0:1, NO_TECH
36, 10, 80, 20, 20, 0:0, 0:1, TECH_HORSEBACK_RIDING
36, 11, 40, 20, 0, 0:0, 0:1, TECH_IRON_WORKING
36, 12, 85, 0, 0, 0:0, 0:1, TECH_HORSEBACK_RIDING
36, 13, 115, 0, 0, 0:0, 0:1, NO_TECH
36, 14, 0, 0, 0, 0:0, 0:1, TECH_HORSEBACK_RIDING
37, 0, 180, 45, 0, 3:0, 3:1, NO_TECH
37, 1, 65, 50, 45, 2:0, 3:1, TECH_HORSEBACK_RIDING
37, 2, 170, 55, 25, 1:0, 1:1, TECH_HORSEBACK_RIDING
37, 3, 120, 0, 0, 0:0, 3:1, TECH_STIRRUPS
37, 4, 55, 100, 0, 3:0, 3:1, TECH_HORSEBACK_RIDING
37, 5, 158, 210, 0, 0:0, 3:1, TECH_HORSEBACK_RIDING
37, 6, 40, 55, 0, 0:0, 0:1, TECH_STIRRUPS
37, 7, 90, 0, 45, 0:0, 0:1, NO_TECH
37, 8, 40, 0, 45, 0:0, 0:1, TECH_HORSEBACK_RIDING
37, 9, 40, 10, 0, 0:0, 0:1, NO_TECH
37, 10, 65, 20, 20, 0:0, 0:1, TECH_HORSEBACK_RIDING
37, 11, 40, 0, 0, 0:0, 0:1, TECH_IRON_WORKING
37, 12, 65, 0, 0, 0:0, 0:1, TECH_HORSEBACK_RIDING
37, 13, 70, 0, 0, 0:0, 0:1, NO_TECH
37, 14, 0, 0, 0, 0:0, 0:1, TECH_HORSEBACK_RIDING
38, 0, 190, 15, 25, 3:0, 3:1, NO_TECH
38, 1, 65, 75, 20, 2:0, 3:1, TECH_IRON_WORKING
38, 2, 145, 60, 25, 1:0, 1:1, TECH_STIRRUPS
38, 3, 120, 0, 0, 0:0, 3:1, TECH_STIRRUPS
38, 4, 105, 145, 0, 3:0, 3:1, TECH_HORSEBACK_RIDING
38, 5, 186, 215, 0, 1:0, 3:1, TECH_HORSEBACK_RIDING
38, 6, 20, 10, 0, 0:0, 0:1, TECH_STIRRUPS
38, 7, 90, 0, 45, 0:0, 0:1, NO_TECH
38, 8, 40, 0, 40, 0:0, 0:1, TECH_STIRRUPS
38, 9, 40, 10, 0, 0:0, 0:1, NO_TECH
38, 10, 65, 20, 20, 0:0, 0:1, TECH_HORSEBACK_RIDING
38, 11, 40, 0, 0, 0:0, 0:1, TECH_IRON_WORKING
38, 12, 85, 10, 0, 0:0, 0:1, TECH_IRON_WORKING
38, 13, 115, 0, 10, 0:0, 0:1, NO_TECH
38, 14, 0, 0, 0, 0:0, 0:1, TECH_IRON_WORKING
39, 0, 190, 0, 0, 3:0, 3:1, NO_TECH
39, 1, 65, 75, 20, 1:0, 3:1, TECH_IRON_WORKING
39, 2, 145, 65, 25, 1:0, 1:1, TECH_STIRRUPS
39, 3, 120, 0, 0, 0:0, 3:1, TECH_STIRRUPS
39, 4, 105, 145, 0, 3:0, 3:1, TECH_HORSEBACK_RIDING
39, 5, 186, 195, 0, 0:0, 3:1, TECH_HORSEBACK_RIDING
39, 6, 20, 10, 0, 0:0, 0:1, TECH_STIRRUPS
39, 7, 90, 0, 25, 0:0, 0:1, NO_TECH
39, 8, 40, 0, 40, 0:0, 0:1, TECH_STIRRUPS
39, 9, 40, 10, 0, 0:0, 0:1, NO_TECH
39, 10, 65, 20, 20, 0:0, 0:1, TECH_HORSEBACK_RIDING
39, 11, 40, 0, 0, 0:0, 0:1, TECH_IRON_WORKING
39, 12, 85, 10, 35, 0:0, 0:1, TECH_IRON_WORKING
39, 13, 115, 0, 10, 0:0, 0:1, NO_TECH
39, 14, 0, 0, 0, 0:0, 0:1, TECH_IRON_WORKING
40, 0, 190, 0, 0, 3:0, 3:1, NO_TECH
40, 1, 65, 75, 20, 1:0, 3:1, TECH_IRON_WORKING
40, 2, 145, 65, 20, 1:0, 1:3, TECH_STIRRUPS
40, 3, 120, 0, 0, 0:0, 3:1, TECH_STIRRUPS
40, 4, 95, 180, 0, 2:0, 3:1, TECH_HORSEBACK_RIDING
40, 5, 221, 155, 0, 4:0, 3:1, TECH_HORSEBACK_RIDING
40, 6, 20, 10, 0, 0:0, 0:1, TECH_STIRRUPS
40, 7, 90, 10, 25, 0:0, 0:1, NO_TECH
40, 8, 40, 0, 40, 0:0, 0:1, TECH_STIRRUPS
40, 9, 40, 10, 0, 0:0, 0:1, NO_TECH
40, 10, 65, 20, 0, 0:0, 0:1, TECH_HORSEBACK_RIDING
40, 11, 40, 0, 0, 0:0, 0:1, TECH_IRON_WORKING
40, 12, 110, 20, 35, 0:0, 0:1, TECH_IRON_WORKING
40, 13, 95, 0, 10, 0:0, 0:1, NO_TECH
40, 14, 0, 0, 0, 0:0, 0:1, TECH_IRON_WORKING
41, 0, 190, 0, 20, 3:0, 3:1, NO_TECH
41, 1, 65, 75, 40, 1:0, 3:1, TECH_IRON_WORKING
41, 2, 145, 95, 45, 1:0, 1:3, TECH_STIRRUPS
41, 3, 120, 0, 0, 0:0, 3:1, TECH_STIRRUPS
41, 4, 80, 150, 0, 2:0, 3:1, TECH_HORSEBACK_RIDING
41, 5, 221, 75, 0, 3:0, 3:1, TECH_STIRRUPS
41, 6, 20, 10, 20, 0:0, 0:1, TECH_STIRRUPS
41, 7, 90, 10, 25, 0:0, 0:1, NO_TECH
41, 8, 40, 0, 40, 0:0, 0:1, TECH_STIRRUPS
41, 9, 40, 10, 0, 0:0, 0:1, NO_TECH
41, 10, 65, 20, 20, 0:0, 0:1, TECH_STIRRUPS
41, 11, 40, 0, 0, 0:0, 0:1, TECH_STIRRUPS
41, 12, 110, 10, 35, 0:0, 0:1, TECH_STIRRUPS
41, 13, 95, 20, 10, 0:0, 0:1, TECH_STIRRUPS
41, 14, 0, 0, 0, 0:0, 0:1, TECH_STIRRUPS
42, 0, 180, 0, 40, 3:0, 3:1, NO_TECH
42, 1, 55, 20, 40, 1:0, 3:1, TECH_IRON_WORKING
42, 2, 145, 95, 45, 1:0, 1:3, TECH_STIRRUPS
42, 3, 120, 0, 0, 0:0, 3:1, TECH_STIRRUPS
42, 4, 105, 105, 0, 2:0, 3:1, TECH_HORSEBACK_RIDING
42, 5, 221, 80, 0, 3:0, 3:1, TECH_STIRRUPS
42, 6, 20, 10, 20, 0:0, 0:1, TECH_STIRRUPS
42, 7, 90, 10, 25, 0:0, 0:1, TECH_STIRRUPS
42, 8, 40, 0, 20, 0:0, 0:1, TECH_STIRRUPS
42, 9, 40, 10, 0, 0:0, 0:1, NO_TECH
42, 10, 65, 20, 40, 0:0, 0:1, TECH_STIRRUPS
42, 11, 40, 0, 0, 0:0, 0:1, TECH_STIRRUPS
42, 12, 110, 20, 35, 0:0, 0:1, TECH_APPRENTICESHIP
42, 13, 95, 35, 10, 0:0, 0:1, TECH_STIRRUPS
42, 14, 0, 0, 0, 0:0, 0:1, TECH_STIRRUPS
43, 0, 180, 0, 40, 3:0, 3:1, NO_TECH
43, 1, 55, 30, 40, 1:0, 3:1, TECH_IRON_WORKING
43, 2, 145, 80, 45, 1:0, 1:3, TECH_STIRRUPS
43, 3, 120, 0, 0, 0:0, 3:1, TECH_STIRRUPS
43, 4, 105, 70, 0, 2:0, 3:1, TECH_HORSEBACK_RIDING
43, 5, 221, 85, 0, 4:0, 3:1, TECH_STIRRUPS
43, 6, 20, 10, 20, 0:0, 0:1, TECH_STIRRUPS
43, 7, 90, 10, 25, 0:0, 0:1, TECH_STIRRUPS
43, 8, 40, 0, 20, 0:0, 0:1, TECH_STIRRUPS
43, 9, 40, 10, 0, 0:0, 0:1, NO_TECH
43, 10, 65, 10, 40, 0:0, 0:1, TECH_STIRRUPS
43, 11, 40, 0, 0, 0:0, 0:1, TECH_STIRRUPS
43, 12, 110, 10, 0, 0:0, 0:1, TECH_APPRENTICESHIP
43, 13, 115, 35, 0, 0:0, 0:1, TECH_STIRRUPS
43, 14, 0, 0, 0, 0:0, 0:1, TECH_STIRRUPS
44, 0, 180, 0, 40, 4:0, 3:1, NO_TECH
44, 1, 55, 30, 20, 1:0, 3:1, TECH_IRON_WORKING
44, 2, 145, 90, 0, 1:0, 1:1, TECH_STIRRUPS
44, 3, 120, 0, 0, 3:0, 2:1, TECH_STIRRUPS
44, 4, 105, 85, 0, 3:0, 3:1, TECH_HORSEBACK_RIDING
44, 5, 221, 85, 0, 3:0, 3:1, TECH_STIRRUPS
44, 6, 20, 10, 20, 0:0, 0:1, TECH_STIRRUPS
44, 7, 115, 10, 45, 0:0, 0:1, TECH_STIRRUPS
44, 8, 40, 0, 20, 0:0, 0:1, TECH_STIRRUPS
44, 9, 40, 10, 0, 0:0, 0:1, NO_TECH
44, 10, 65, 0, 20, 0:0, 0:1, TECH_STIRRUPS
44, 11, 40, 0, 0, 0:0, 0:1, TECH_STIRRUPS
44, 12, 110, 10, 25, 0:0, 0:1, NO_TECH
44, 13, 95, 35, 0, 0:0, 0:1, TECH_STIRRUPS
44, 14, 0, 0, 0, 0:0, 0:1, TECH_STIRRUPS
45, 0, 180, 40, 20, 3:0, 3:1, NO_TECH
45, 1, 55, 30, 20, 3:0, 3:1, TECH_IRON_WORKING
45, 2, 145, 90, 0, 1:0, 1:1, TECH_STIRRUPS
45, 3, 120, 25, 0, 2:0, 3:1, TECH_STIRRUPS
45, 4, 105, 65, 0, 3:0, 3:1, TECH_HORSEBACK_RIDING
45, 5, 221, 85, 0, 3:0, 3:1, TECH_STIRRUPS
45, 6, 20, 0, 20, 0:0, 0:1, TECH_STIRRUPS
45, 7, 115, 10, 45, 0:0, 0:1, TECH_STIRRUPS
45, 8, 40, 0, 20, 0:0, 0:1, TECH_STIRRUPS
45, 9, 40, 10, 0, 0:0, 0:1, NO_TECH
45, 10, 65, 0, 20, 0:0, 0:1, TECH_STIRRUPS
45, 11, 40, 0, 0, 0:0, 0:1, TECH_STIRRUPS
45, 12, 110, 10, 0, 0:0, 0:1, NO_TECH
45, 13, 115, 15, 0, 0:0, 0:1, TECH_STIRRUPS
45, 14, 0, 0, 0, 0:0, 0:1, TECH_STIRRUPS
46, 0, 180, 40, 0, 3:0, 3:1, NO_TECH
46, 1, 80, 30, 20, 2:0, 3:1, TECH_IRON_WORKING
46, 2, 145, 70, 0, 1:0, 1:1, TECH_STIRRUPS
46, 3, 120, 25, 0, 2:0, 2:1, TECH_STIRRUPS
46, 4, 105, 70, 0, 2:0, 3:1, TECH_HORSEBACK_RIDING
46, 5, 221, 65, 25, 3:0, 3:1, TECH_STIRRUPS
46, 6, 20, 0, 0, 0:0, 0:1, TECH_STIRRUPS
46, 7, 115, 0, 45, 0:0, 0:1, TECH_STIRRUPS
46, 8, 40, 0, 20, 0:0, 0:1, TECH_STIRRUPS
46, 9, 40, 10, 0, 0:0, 0:1, NO_TECH
46, 10, 65, 0, 20, 0:0, 0:1, TECH_STIRRUPS
46, 11, 40, 0, 0, 0:0, 0:1, TECH_STIRRUPS
46, 12, 110, 10, 0, 0:0, 0:1, NO_TECH
46, 13, 95, 15, 10, 0:0, 0:1, TECH_STIRRUPS
46, 14, 0, 0, 0, 0:0, 0:1, TECH_STIRRUPS
47, 0, 180, 40, 0, 3:0, 3:1, NO_TECH
47, 1, 80, 10, 40, 1:0, 3:1, TECH_IRON_WORKING
47, 2, 145, 70, 0, 1:0, 1:1, TECH_STIRRUPS
47, 3, 120, 25, 0, 1:0, 3:1, TECH_STIRRUPS
47, 4, 105, 55, 0, 2:0, 3:1, TECH_HORSEBACK_RIDING
47, 5, 221, 55, 45, 3:0, 3:1, TECH_STIRRUPS
47, 6, 20, 0, 0, 0:0, 0:1, TECH_STIRRUPS
47, 7, 115, 10, 45, 0:0, 0:1, TECH_STIRRUPS
47, 8, 40, 0, 20, 0:0, 0:1, TECH_STIRRUPS
47, 9, 40, 10, 0, 0:0, 0:1, NO_TECH
47, 10, 65, 0, 20, 0:0, 0:1, TECH_STIRRUPS
47, 11, 40, 0, 0, 0:0, 0:1, TECH_STIRRUPS
47, 12, 110, 10, 0, 0:0, 0:1, NO_TECH
47, 13, 90, 0, 30, 0:0, 0:1, TECH_STIRRUPS
47, 14, 0, 0, 0, 0:0, 0:1, TECH_STIRRUPS
48, 0, 180, 20, 0, 3:0, 3:1, NO_TECH
48, 1, 80, 10, 40, 1:0, 3:1, TECH_IRON_WORKING
48, 2, 125, 70, 0, 1:0, 1:1, TECH_STIRRUPS
48, 3, 120, 25, 0, 2:0, 3:1, TECH_STIRRUPS
48, 4, 105, 35, 0, 2:0, 3:1, TECH_HORSEBACK_RIDING
48, 5, 246, 65, 70, 3:0, 3:1, TECH_STIRRUPS
48, 6, 20, 0, 0, 0:0, 0:1, TECH_STIRRUPS
48, 7, 115, 10, 45, 0:0, 0:1, TECH_STIRRUPS
48, 8, 40, 0, 20, 0:0, 0:1, TECH_STIRRUPS
48, 9, 40, 10, 0, 0:0, 0:1, NO_TECH
48, 10, 65, 0, 20, 0:0, 0:1, TECH_STIRRUPS
48, 11, 40, 0, 20, 0:0, 0:1, TECH_STIRRUPS
48, 12, 110, 0, 0, 0:0, 0:1, NO_TECH
48, 13, 115, 10, 30, 0:0, 0:1, TECH_STIRRUPS
48, 14, 0, 0, 0, 0:0, 0:1, TECH_STIRRUPS
49, 0, 180, 0, 0, 3:0, 3:1, NO_TECH
49, 1, 80, 0, 40, 2:0, 3:1, TECH_IRON_WORKING
49, 2, 125, 80, 0, 1:0, 1:1, TECH_STIRRUPS
49, 3, 120, 25, 0, 2:0, 3:1, TECH_STIRRUPS
49, 4, 105, 35, 0, 5:0, 3:1, TECH_HORSEBACK_RIDING
49, 5, 246, 65, 90, 3:0, 3:1, TECH_STIRRUPS
49, 6, 20, 15, 0, 0:0, 0:1, TECH_STIRRUPS
49, 7, 115, 10, 25, 0:0, 0:1, TECH_STIRRUPS
49, 8, 40, 0, 20, 0:0, 0:1, TECH_STIRRUPS
49, 9, 40, 10, 0, 0:0, 0:1, NO_TECH
49, 10, 65, 0, 20, 0:0, 0:1, TECH_STIRRUPS
49, 11, 40, 0, 20, 0:0, 0:1, TECH_STIRRUPS
49, 12, 110, 0, 10, 0:0, 0:1, NO_TECH
49, 13, 90, 10, 50, 0:0, 0:1, TECH_STIRRUPS
49, 14, 0, 0, 0, 0:0, 0:1, TECH_STIRRUPS
50, 0, 180, 0, 0, 3:0, 3:1, NO_TECH
50, 1, 80, 0, 20, 1:0, 3:1, TECH_STIRRUPS
50, 2, 125, 75, 45, 1:0, 1:3, TECH_STIRRUPS
50, 3, 120, 25, 0, 1:0, 3:1, TECH_STIRRUPS
50, 4, 105, 91, 0, 2:0, 3:1, TECH_HORSEBACK_RIDING
50, 5, 246, 45, 90, 4:0, 3:1, TECH_STIRRUPS
50, 6, 20, 15, 0, 0:0, 0:1, TECH_STIRRUPS
50, 7, 115, 0, 25, 0:0, 0:1, TECH_STIRRUPS
50, 8, 40, 0, 20, 0:0, 0:1, TECH_STIRRUPS
50, 9, 40, 10, 0, 0:0, 0:1, NO_TECH
50, 10, 65, 0, 20, 0:0, 0:1, TECH_STIRRUPS
50, 11, 40, 0, 20, 0:0, 0:1, TECH_STIRRUPS
50, 12, 110, 0, 10, 0:0, 0:1, NO_TECH
50, 13, 90, 10, 50, 0:0, 0:1, TECH_STIRRUPS
50, 14, 0, 0, 0, 0:0, 0:1, TECH_STIRRUPS
51, 0, 180, 0, 0, 3:0, 3:1, NO_TECH
51, 1, 80, 10, 20, 1:0, 3:1, TECH_STIRRUPS
51, 2, 125, 75, 45, 1:0, 1:3, TECH_STIRRUPS
51, 3, 120, 25, 0, 1:0, 3:1, TECH_STIRRUPS
51, 4, 105, 76, 0, 2:0, 3:1, TECH_HORSEBACK_RIDING
51, 5, 246, 35, 90, 3:0, 3:1, TECH_STIRRUPS
51, 6, 48, 25, 45, 0:0, 0:1, TECH_STIRRUPS
51, 7, 115, 0, 0, 0:0, 0:1, TECH_STIRRUPS
51, 8, 40, 0, 20, 0:0, 0:1, TECH_STIRRUPS
51, 9, 40, 10, 0, 0:0, 0:1, NO_TECH
51, 10, 65, 0, 20, 0:0, 0:1, TECH_STIRRUPS
51, 11, 40, 0, 45, 0:0, 0:1, TECH_STIRRUPS
51, 12, 110, 0, 10, 0:0, 0:1, NO_TECH
51, 13, 115, 10, 30, 0:0, 0:1, TECH_STIRRUPS
51, 14, 0, 0, 0, 0:0, 0:1, TECH_STIRRUPS
52, 0, 180, 20, 0, 3:0, 3:1, NO_TECH
52, 1, 80, 50, 40, 1:0, 3:1, TECH_STIRRUPS
52, 2, 125, 75, 70, 1:0, 1:3, TECH_STIRRUPS
52, 3, 120, 50, 0, 1:0, 3:1, TECH_STIRRUPS
52, 4, 105, 56, 0, 2:0, 3:1, TECH_HORSEBACK_RIDING
52, 5, 246, 10, 45, 3:0, 3:1, TECH_STIRRUPS
52, 6, 48, 25, 45, 0:0, 0:1, TECH_STIRRUPS
52, 7, 115, 0, 0, 0:0, 0:1, TECH_STIRRUPS
52, 8, 40, 0, 20, 0:0, 0:1, TECH_STIRRUPS
52, 9, 40, 10, 0, 0:0, 0:1, NO_TECH
52, 10, 65, 0, 20, 0:0, 0:1, TECH_STIRRUPS
52, 11, 40, 0, 45, 0:0, 0:1, TECH_STIRRUPS
52, 12, 110, 0, 10, 0:0, 0:1, NO_TECH
52, 13, 90, 10, 30, 0:0, 0:1, TECH_STIRRUPS
52, 14, 0, 0, 0, 0:0, 0:1, TECH_STIRRUPS
53, 0, 190, 45, 0, 3:0, 3:1, NO_TECH
53, 1, 80, 85, 40, 0:0, 3:1, TECH_STIRRUPS
53, 2, 100, 35, 45, 1:0, 1:1, TECH_STIRRUPS
53, 3, 80, 50, 0, 1:0, 3:1, TECH_STIRRUPS
53, 4, 115, 56, 0, 2:0, 3:1, TECH_HORSEBACK_RIDING
53, 5, 246, 0, 45, 3:0, 3:1, TECH_STIRRUPS
53, 6, 48, 25, 45, 0:0, 0:1, TECH_STIRRUPS
53, 7, 115, 0, 0, 0:0, 0:1, TECH_STIRRUPS
53, 8, 40, 0, 20, 0:0, 0:1, TECH_STIRRUPS
53, 9, 40, 10, 0, 0:0, 0:1, NO_TECH
53, 10, 65, 0, 20, 0:0, 0:1, TECH_STIRRUPS
53, 11, 40, 0, 25, 0:0, 0:1, TECH_STIRRUPS
53, 12, 110, 0, 10, 0:0, 0:1, NO_TECH
53, 13, 90, 0, 30, 0:0, 0:1, TECH_STIRRUPS
53, 14, 0, 0, 0, 0:0, 0:1, TECH_STIRRUPS
54, 0, 205, 85, 0, 3:0, 3:1, NO_TECH
54, 1, 80, 75, 65, 0:0, 3:1, TECH_STIRRUPS
54, 2, 145, 70, 45, 1:0, 1:3, TECH_STIRRUPS
54, 3, 80, 50, 0, 1:0, 3:1, TECH_STIRRUPS
54, 4, 115, 71, 0, 1:0, 3:1, TECH_HORSEBACK_RIDING
54, 5, 246, 0, 90, 3:0, 3:1, TECH_STIRRUPS
54, 6, 48, 25, 25, 0:0, 0:1, TECH_STIRRUPS
54, 7, 115, 20, 0, 0:0, 0:1, TECH_STIRRUPS
54, 8, 40, 0, 20, 0:0, 0:1, TECH_STIRRUPS
54, 9, 40, 10, 0, 0:0, 0:1, NO_TECH
54, 10, 65, 0, 20, 0:0, 0:1, TECH_STIRRUPS
54, 11, 40, 0, 20, 0:0, 0:1, TECH_STIRRUPS
54, 12, 110, 0, 10, 0:0, 0:1, NO_TECH
54, 13, 115, 0, 78, 0:0, 0:1, TECH_STIRRUPS
54, 14, 0, 0, 0, 0:0, 0:1, TECH_STIRRUPS
55, 0, 220, 65, 25, 3:0, 3:1, NO_TECH
55, 1, 80, 75, 45, 0:0, 3:1, TECH_STIRRUPS
55, 2, 145, 110, 45, 1:0, 1:3, TECH_STIRRUPS
55, 3, 80, 50, 0, 1:0, 3:1, TECH_STIRRUPS
55, 4, 115, 71, 0, 1:0, 3:1, TECH_HORSEBACK_RIDING
55, 5, 246, 0, 115, 2:0, 3:1, TECH_STIRRUPS
55, 6, 48, 25, 0, 0:0, 0:1, TECH_STIRRUPS
55, 7, 115, 20, 25, 0:0, 0:1, TECH_STIRRUPS
55, 8, 40, 0, 20, 0:0, 0:1, TECH_STIRRUPS
55, 9, 40, 10, 0, 0:0, 0:1, NO_TECH
55, 10, 65, 0, 20, 0:0, 0:1, TECH_STIRRUPS
55, 11, 40, 0, 20, 0:0, 0:1, TECH_STIRRUPS
55, 12, 110, 0, 10, 0:0, 0:1, NO_TECH
55, 13, 115, 0, 83, 0:0, 0:1, TECH_STIRRUPS
55, 14, 0, 0, 0, 0:0, 0:1, TECH_STIRRUPS
56, 0, 210, 90, 25, 2:0, 2:1, TECH_ARCHERY
56, 1, 70, 75, 45, 0:0, 3:1, TECH_STIRRUPS
56, 2, 145, 95, 25, 1:0, 1:3, TECH_STIRRUPS
56, 3, 80, 50, 0, 1:0, 3:1, TECH_STIRRUPS
56, 4, 115, 71, 0, 1:0, 3:1, TECH_HORSEBACK_RIDING
56, 5, 246, 0, 70, 2:0, 2:1, TECH_STIRRUPS
56, 6, 48, 25, 0, 0:0, 0:1, TECH_STIRRUPS
56, 7, 115, 20, 50, 0:0, 0:1, TECH_STIRRUPS
56, 8, 40, 0, 20, 0:0, 0:1, TECH_STIRRUPS
56, 9, 40, 10, 0, 0:0, 0:1, NO_TECH
56, 10, 65, 0, 20, 0:0, 0:1, TECH_STIRRUPS
56, 11, 40, 0, 40, 0:0, 0:1, TECH_STIRRUPS
56, 12, 110, 0, 10, 0:0, 0:1, NO_TECH
56, 13, 115, 0, 83, 0:0, 0:1, TECH_STIRRUPS
56, 14, 0, 0, 0, 0:0, 0:1, TECH_STIRRUPS
57, 0, 210, 95, 40, 2:0, 2:1, TECH_ARCHERY
57, 1, 70, 55, 20, 0:0, 3:1, TECH_STIRRUPS
57, 2, 145, 60, 25, 1:0, 1:1, TECH_STIRRUPS
57, 3, 80, 50, 0, 1:0, 3:1, TECH_STIRRUPS
57, 4, 105, 71, 0, 1:0, 3:1, TECH_STIRRUPS
57, 5, 236, 0, 90, 1:0, 2:1, TECH_STIRRUPS
57, 6, 48, 15, 0, 0:0, 0:1, TECH_STIRRUPS
57, 7, 185, 0, 50, 0:0, 0:1, TECH_STIRRUPS
57, 8, 40, 0, 40, 0:0, 0:1, TECH_STIRRUPS
57, 9, 40, 10, 0, 0:0, 0:1, NO_TECH
57, 10, 65, 0, 20, 0:0, 0:1, TECH_STIRRUPS
57, 11, 40, 0, 40, 0:0, 0:1, TECH_STIRRUPS
57, 12, 110, 0, 10, 0:0, 0:1, NO_TECH
57, 13, 115, 0, 93, 0:0, 0:1, TECH_STIRRUPS
57, 14, 0, 0, 0, 0:0, 0:1, TECH_STIRRUPS
58, 0, 220, 75, 40, 4:0, 3:1, TECH_HORSEBACK_RIDING
58, 1, 70, 55, 45, 0:0, 3:1, TECH_STIRRUPS
58, 2, 145, 40, 25, 1:0, 1:1, TECH_STIRRUPS
58, 3, 80, 50, 0, 2:0, 2:1, TECH_STIRRUPS
58, 4, 105, 51, 20, 1:0, 3:1, TECH_STIRRUPS
58, 5, 236, 0, 115, 1:0, 1:1, TECH_STIRRUPS
58, 6, 48, 25, 0, 0:0, 0:1, TECH_STIRRUPS
58, 7, 185, 0, 70, 0:0, 0:1, TECH_STIRRUPS
58, 8, 40, 0, 40, 0:0, 0:1, TECH_STIRRUPS
58, 9, 40, 10, 0, 0:0, 0:1, NO_TECH
58, 10, 65, 0, 20, 0:0, 0:1, TECH_STIRRUPS
58, 11, 40, 0, 40, 0:0, 0:1, TECH_STIRRUPS
58, 12, 110, 40, 45, 0:0, 0:1, TECH_STIRRUPS
58, 13, 140, 0, 68, 0:0, 0:1, TECH_STIRRUPS
58, 14, 25, 0, 0, 0:0, 0:1, TECH_STIRRUPS
59, 0, 190, 50, 65, 4:0, 3:1, TECH_HORSEBACK_RIDING
59, 1, 70, 55, 45, 0:0, 3:1, TECH_STIRRUPS
59, 2, 145, 50, 60, 1:0, 1:3, TECH_STIRRUPS
59, 3, 80, 50, 0, 1:0, 2:1, TECH_STIRRUPS
59, 4, 80, 71, 20, 1:0, 3:1, TECH_STIRRUPS
59, 5, 236, 0, 120, 1:0, 1:1, TECH_STIRRUPS
59, 6, 48, 40, 0, 0:0, 0:1, TECH_STIRRUPS
59, 7, 185, 0, 70, 0:0, 0:1, TECH_STIRRUPS
59, 8, 40, 0, 40, 0:0, 0:1, TECH_STIRRUPS
59, 9, 40, 10, 0, 0:0, 0:1, NO_TECH
59, 10, 65, 0, 20, 0:0, 0:1, TECH_STIRRUPS
59, 11, 40, 0, 40, 0:0, 0:1, TECH_STIRRUPS
59, 12, 110, 40, 45, 0:0, 0:1, TECH_STIRRUPS
59, 13, 140, 0, 113, 0:0, 0:1, TECH_STIRRUPS
59, 14, 25, 0, 0, 0:0, 0:1, TECH_STIRRUPS
60, 0, 170, 75, 65, 2:0, 2:1, TECH_HORSEBACK_RIDING
60, 1, 70, 95, 45, 0:0, 3:1, TECH_STIRRUPS
60, 2, 145, 70, 145, 1:0, 1:3, TECH_STIRRUPS
60, 3, 80, 25, 0, 1:0, 2:1, TECH_STIRRUPS
60, 4, 80, 56, 20, 1:0, 3:1, TECH_STIRRUPS
60, 5, 236, 0, 120, 1:0, 1:1, TECH_STIRRUPS
60, 6, 48, 40, 0, 0:0, 0:1, TECH_STIRRUPS
60, 7, 145, 0, 45, 0:0, 0:1, TECH_STIRRUPS
60, 8, 40, 0, 40, 0:0, 0:1, TECH_STIRRUPS
60, 9, 40, 10, 0, 0:0, 0:1, NO_TECH
60, 10, 65, 0, 20, 0:0, 0:1, TECH_STIRRUPS
60, 11, 40, 0, 40, 0:0, 0:1, TECH_STIRRUPS
60, 12, 110, 60, 45, 0:0, 0:1, TECH_STIRRUPS
60, 13, 115, 0, 113, 0:0, 0:1, TECH_STIRRUPS
60, 14, 25, 0, 0, 0:0, 0:1, TECH_STIRRUPS
61, 0, 170, 50, 65, 2:0, 2:1, TECH_HORSEBACK_RIDING
61, 1, 70, 95, 45, 0:0, 3:1, TECH_STIRRUPS
61, 2, 145, 120, 145, 1:0, 1:3, TECH_STIRRUPS
61, 3, 80, 25, 0, 1:0, 2:1, TECH_STIRRUPS
61, 4, 80, 56, 20, 1:0, 3:1, TECH_STIRRUPS
61, 5, 236, 0, 120, 3:0, 2:1, TECH_STIRRUPS
61, 6, 48, 40, 0, 0:0, 0:1, TECH_STIRRUPS
61, 7, 145, 0, 70, 0:0, 0:1, TECH_STIRRUPS
61, 8, 40, 0, 40, 0:0, 0:1, TECH_STIRRUPS
61, 9, 40, 10, 0, 0:0, 0:1, NO_TECH
61, 10, 65, 0, 20, 0:0, 0:1, TECH_STIRRUPS
61, 11, 40, 0, 20, 0:0, 0:1, TECH_STIRRUPS
61, 12, 110, 80, 45, 0:0, 0:1, TECH_STIRRUPS
61, 13, 115, 0, 113, 0:0, 0:1, TECH_STIRRUPS
61, 14, 25, 0, 0, 0:0, 0:1, TECH_STIRRUPS
62, 0, 150, 50, 65, 2:0, 2:1, TECH_HORSEBACK_RIDING
62, 1, 70, 105, 45, 0:0, 3:1, TECH_STIRRUPS
62, 2, 145, 140, 145, 1:0, 1:3, TECH_STIRRUPS
62, 3, 80, 25, 0, 1:0, 2:1, TECH_STIRRUPS
62, 4, 80, 92, 20, 1:0, 3:1, TECH_STIRRUPS
62, 5, 236, 0, 90, 3:0, 2:1, TECH_STIRRUPS
62, 6, 83, 0, 0, 0:0, 0:1, TECH_STIRRUPS
62, 7, 145, 0, 70, 0:0, 0:1, TECH_STIRRUPS
62, 8, 40, 20, 20, 0:0, 0:1, TECH_STIRRUPS
62, 9, 40, 10, 0, 0:0, 0:1, NO_TECH
62, 10, 65, 0, 20, 0:0, 0:1, TECH_STIRRUPS
62, 11, 40, 0, 20, 0:0, 0:1, TECH_STIRRUPS
62, 12, 110, 80, 45, 0:0, 0:1, TECH_STIRRUPS
62, 13, 115, 0, 113, 0:0, 0:1, TECH_STIRRUPS
62, 14, 25, 0, 0, 0:0, 0:1, TECH_STIRRUPS
63, 0, 170, 50, 65, 2:0, 2:1, TECH_HORSEBACK_RIDING
63, 1, 70, 65, 70, 0:0, 3:1, TECH_STIRRUPS
63, 2, 145, 120, 145, 1:0, 1:3, TECH_STIRRUPS
63, 3, 40, 0, 0, 1:0, 2:1, TECH_STIRRUPS
63, 4, 80, 118, 20, 0:0, 3:1, TECH_STIRRUPS
63, 5, 236, 0, 115, 2:0, 2:1, TECH_STIRRUPS
63, 6, 83, 0, 40, 0:0, 0:1, TECH_STIRRUPS
63, 7, 145, 0, 70, 0:0, 0:1, TECH_STIRRUPS
63, 8, 40, 20, 20, 0:0, 0:1, TECH_STIRRUPS
63, 9, 40, 10, 0, 0:0, 0:1, NO_TECH
63, 10, 65, 0, 20, 0:0, 0:1, TECH_STIRRUPS
63, 11, 40, 0, 20, 0:0, 0:1, TECH_STIRRUPS
63, 12, 180, 40, 45, 0:0, 0:1, TECH_STIRRUPS
63, 13, 115, 0, 163, 0:0, 0:1, TECH_STIRRUPS
63, 14, 25, 0, 0, 0:0, 0:1, TECH_STIRRUPS
64, 0, 150, 60, 65, 2:0, 2:1, TECH_HORSEBACK_RIDING
64, 1, 70, 45, 70, 0:0, 3:1, TECH_STIRRUPS
64, 2, 145, 80, 145, 1:0, 1:3, TECH_STIRRUPS
64, 3, 40, 0, 35, 2:0, 2:1, TECH_STIRRUPS
64, 4, 80, 118, 0, 0:0, 3:1, TECH_STIRRUPS
64, 5, 246, 0, 115, 3:0, 3:1, TECH_STIRRUPS
64, 6, 83, 0, 40, 0:0, 0:1, TECH_STIRRUPS
64, 7, 145, 0, 70, 0:0, 0:1, TECH_STIRRUPS
64, 8, 40, 20, 20, 0:0, 0:1, TECH_STIRRUPS
64, 9, 40, 10, 0, 0:0, 0:1, NO_TECH
64, 10, 65, 0, 20, 0:0, 0:1, TECH_STIRRUPS
64, 11, 40, 0, 20, 0:0, 0:1, TECH_STIRRUPS
64, 12, 180, 20, 45, 0:0, 0:1, TECH_STIRRUPS
64, 13, 115, 0, 143, 0:0, 0:1, TECH_STIRRUPS
64, 14, 25, 0, 0, 0:0, 0:1, TECH_STIRRUPS
65, 0, 150, 80, 65, 2:0, 2:1, TECH_HORSEBACK_RIDING
65, 1, 70, 70, 50, 0:0, 3:1, TECH_STIRRUPS
65, 2, 125, 105, 145, 1:0, 1:3, TECH_STIRRUPS
65, 3, 80, 0, 0, 1:0, 2:1, TECH_STIRRUPS
65, 4, 80, 82, 0, 0:0, 3:1, TECH_STIRRUPS
65, 5, 246, 0, 140, 3:0, 3:1, TECH_STIRRUPS
65, 6, 63, 0, 40, 0:0, 0:1, TECH_STIRRUPS
65, 7, 145, 0, 50, 0:0, 0:1, TECH_STIRRUPS
65, 8, 40, 0, 20, 0:0, 0:1, TECH_STIRRUPS
65, 9, 40, 10, 0, 0:0, 0:1, NO_TECH
65, 10, 65, 0, 20, 0:0, 0:1, TECH_STIRRUPS
65, 11, 40, 0, 0, 0:0, 0:1, TECH_STIRRUPS
65, 12, 180, 20, 45, 0:0, 0:1, TECH_STIRRUPS
65, 13, 115, 0, 188, 0:0, 0:1, TECH_STIRRUPS
65, 14, 25, 0, 0, 0:0, 0:1, TECH_STIRRUPS
66, 0, 130, 80, 65, 2:0, 2:1, TECH_STIRRUPS
66, 1, 70, 70, 35, 0:0, 3:1, TECH_STIRRUPS
66, 2, 155, 130, 145, 1:1, 1:3, TECH_STIRRUPS
66, 3, 80, 0, 35, 1:0, 2:1, TECH_STIRRUPS
66, 4, 95, 72, 0, 1:0, 3:1, TECH_STIRRUPS
66, 5, 271, 0, 95, 3:0, 3:1, TECH_STIRRUPS
66, 6, 63, 0, 40, 0:0, 0:1, TECH_STIRRUPS
66, 7, 145, 0, 50, 0:0, 0:1, TECH_STIRRUPS
66, 8, 40, 20, 20, 0:0, 0:1, TECH_STIRRUPS
66, 9, 40, 10, 0, 0:0, 0:1, NO_TECH
66, 10, 65, 0, 20, 0:0, 0:1, TECH_STIRRUPS
66, 11, 40, 0, 0, 0:0, 0:1, TECH_STIRRUPS
66, 12, 140, 20, 45, 0:0, 0:1, TECH_STIRRUPS
66, 13, 115, 0, 188, 0:0, 0:1, NO_TECH
66, 14, 25, 0, 0, 0:0, 0:1, TECH_STIRRUPS
67, 0, 130, 70, 65, 2:0, 2:1, TECH_STIRRUPS
67, 1, 70, 85, 35, 0:0, 3:1, TECH_STIRRUPS
67, 2, 155, 140, 145, 1:1, 1:3, TECH_STIRRUPS
67, 3, 80, 0, 35, 1:0, 2:1, TECH_STIRRUPS
67, 4, 95, 107, 0, 0:0, 3:1, TECH_STIRRUPS
67, 5, 271, 0, 95, 4:0, 3:1, TECH_STIRRUPS
67, 6, 63, 0, 40, 0:0, 0:1, TECH_STIRRUPS
67, 7, 145, 0, 50, 0:0, 0:1, TECH_STIRRUPS
67, 8, 40, 20, 20, 0:0, 0:1, TECH_STIRRUPS
67, 9, 75, 0, 0, 0:0, 0:1, NO_TECH
67, 10, 65, 0, 20, 0:0, 0:1, TECH_STIRRUPS
67, 11, 40, 0, 0, 0:0, 0:1, TECH_STIRRUPS
67, 12, 175, 0, 45, 0:0, 0:1, TECH_STIRRUPS
67, 13, 140, 0, 160, 0:0, 0:1, NO_TECH
67, 14, 25, 0, 0, 0:0, 0:1, TECH_STIRRUPS
68, 0, 110, 70, 65, 2:0, 2:1, TECH_STIRRUPS
68, 1, 70, 85, 35, 0:0, 3:1, TECH_STIRRUPS
68, 2, 180, 140, 145, 1:1, 1:3, TECH_STIRRUPS
68, 3, 80, 0, 35, 1:0, 3:1, TECH_STIRRUPS
68, 4, 70, 147, 0, 0:0, 3:1, TECH_STIRRUPS
68, 5, 271, 0, 120, 4:0, 3:1, TECH_STIRRUPS
68, 6, 63, 0, 40, 0:0, 0:1, TECH_STIRRUPS
68, 7, 160, 0, 0, 0:0, 0:1, TECH_STIRRUPS
68, 8, 40, 20, 20, 0:0, 0:1, TECH_STIRRUPS
68, 9, 75, 0, 0, 0:0, 0:1, NO_TECH
68, 10, 65, 0, 20, 0:0, 0:1, TECH_STIRRUPS
68, 11, 40, 0, 0, 0:0, 0:1, TECH_STIRRUPS
68, 12, 175, 0, 25, 0:0, 0:1, TECH_STIRRUPS
68, 13, 140, 0, 115, 0:0, 0:1, NO_TECH
68, 14, 25, 0, 0, 0:0, 0:1, TECH_STIRRUPS
69, 0, 110, 50, 65, 2:0, 2:1, TECH_STIRRUPS
69, 1, 70, 85, 10, 0:0, 3:1, TECH_STIRRUPS
69, 2, 180, 95, 235, 1:1, 1:3, TECH_STIRRUPS
69, 3, 80, 0, 35, 1:0, 3:1, TECH_STIRRUPS
69, 4, 70, 147, 0, 0:0, 3:1, TECH_STIRRUPS
69, 5, 271, 0, 120, 3:0, 3:1, TECH_STIRRUPS
69, 6, 108, 0, 40, 0:0, 0:1, TECH_STIRRUPS
69, 7, 160, 0, 0, 0:0, 0:1, TECH_STIRRUPS
69, 8, 40, 0, 0, 0:0, 0:1, TECH_STIRRUPS
69, 9, 110, 0, 0, 0:0, 0:1, NO_TECH
69, 10, 65, 0, 10, 0:0, 0:1, TECH_STIRRUPS
69, 11, 40, 0, 0, 0:0, 0:1, TECH_STIRRUPS
69, 12, 175, 0, 0, 0:0, 0:1, TECH_STIRRUPS
69, 13, 90, 0, 115, 0:0, 0:1, NO_TECH
69, 14, 25, 0, 0, 0:0, 0:1, TECH_STIRRUPS
70, 0, 90, 50, 65, 2:0, 2:1, TECH_STIRRUPS
70, 1, 70, 45, 25, 0:0, 3:1, TECH_STIRRUPS
70, 2, 170, 75, 235, 1:1, 1:3, TECH_STIRRUPS
70, 3, 80, 0, 35, 3:0, 3:1, TECH_STIRRUPS
70, 4, 70, 147, 0, 0:0, 3:1, TECH_STIRRUPS
70, 5, 271, 0, 120, 3:0, 3:1, TECH_STIRRUPS
70, 6, 108, 0, 0, 0:0, 0:1, TECH_STIRRUPS
70, 7, 160, 0, 0, 0:0, 0:1, TECH_STIRRUPS
70, 8, 40, 0, 0, 0:0, 0:1, TECH_STIRRUPS
70, 9, 90, 0, 0, 0:0, 0:1, NO_TECH
70, 10, 65, 0, 0, 0:0, 0:1, TECH_STIRRUPS
70, 11, 40, 0, 20, 0:0, 0:1, TECH_STIRRUPS
70, 12, 155, 0, 0, 0:0, 0:1, TECH_STIRRUPS
70, 13, 115, 0, 115, 0:0, 0:1, NO_TECH
70, 14, 25, 0, 0, 0:0, 0:1, TECH_STIRRUPS
71, 0, 110, 50, 160, 2:0, 2:1, TECH_STIRRUPS
71, 1, 70, 65, 25, 0:0, 3:1, TECH_STIRRUPS
71, 2, 170, 75, 165, 1:1, 1:3, TECH_STIRRUPS
71, 3, 80, 0, 0, 2:0, 3:1, TECH_STIRRUPS
71, 4, 95, 117, 0, 0:0, 3:1, TECH_STIRRUPS
71, 5, 271, 0, 95, 3:0, 3:1, TECH_STIRRUPS
71, 6, 108, 0, 0, 0:0, 0:1, TECH_STIRRUPS
71, 7, 90, 0, 0, 0:0, 0:1, TECH_STIRRUPS
71, 8, 40, 0, 0, 0:0, 0:1, TECH_STIRRUPS
71, 9, 90, 0, 0, 0:0, 0:1, NO_TECH
71, 10, 65, 0, 0, 0:0, 0:1, TECH_STIRRUPS
71, 11, 40, 0, 20, 0:0, 0:1, TECH_STIRRUPS
71, 12, 155, 0, 0, 0:0, 0:1, TECH_STIRRUPS
71, 13, 115, 0, 185, 0:0, 0:1, NO_TECH
71, 14, 25, 0, 0, 0:0, 0:1, TECH_STIRRUPS
72, 0, 110, 70, 180, 2:0, 2:1, TECH_STIRRUPS
72, 1, 70, 65, 25, 0:0, 3:1, TECH_STIRRUPS
72, 2, 180, 75, 165, 0:1, 1:3, TECH_STIRRUPS
72, 3, 80, 0, 45, 2:0, 3:1, TECH_STIRRUPS
72, 4, 95, 101, 0, 0:0, 3:1, TECH_STIRRUPS
72, 5, 271, 0, 115, 2:0, 2:1, TECH_STIRRUPS
72, 6, 73, 0, 0, 0:0, 0:1, TECH_STIRRUPS
72, 7, 90, 0, 0, 0:0, 0:1, TECH_STIRRUPS
72, 8, 40, 0, 0, 0:0, 0:1, TECH_STIRRUPS
72, 9, 70, 0, 0, 0:0, 0:1, NO_TECH
72, 10, 65, 0, 20, 0:0, 0:1, TECH_STIRRUPS
72, 11, 40, 0, 20, 0:0, 0:1, TECH_STIRRUPS
72, 12, 155, 0, 0, 0:0, 0:1, TECH_STIRRUPS
72, 13, 115, 0, 185, 0:0, 0:1, NO_TECH
72, 14, 25, 0, 0, 0:0, 0:1, TECH_STIRRUPS
73, 0, 95, 70, 180, 2:0, 2:1, TECH_STIRRUPS
73, 1, 70, 65, 45, 0:0, 3:1, TECH_STIRRUPS
73, 2, 180, 75, 165, 0:1, 1:3, TECH_APPRENTICESHIP
73, 3, 80, 0, 45, 2:0, 2:1, TECH_MACHINERY
73, 4, 95, 101, 35, 0:0, 3:1, TECH_STIRRUPS
73, 5, 271, 0, 140, 2:0, 2:1, TECH_STIRRUPS
73, 6, 73, 0, 0, 0:0, 0:1, TECH_STIRRUPS
73, 7, 90, 0, 0, 0:0, 0:1, TECH_STIRRUPS
73, 8, 40, 0, 20, 0:0, 0:1, TECH_STIRRUPS
73, 9, 70, 0, 0, 0:0, 0:1, NO_TECH
73, 10, 65, 0, 20, 0:0, 0:1, TECH_STIRRUPS
73, 11, 40, 0, 20, 0:0, 0:1, TECH_STIRRUPS
73, 12, 155, 0, 0, 0:0, 0:1, TECH_STIRRUPS
73, 13, 115, 0, 213, 0:0, 0:1, NO_TECH
73, 14, 25, 0, 0, 0:0, 0:1, TECH_STIRRUPS
74, 0, 95, 80, 190, 2:0, 2:1, TECH_STIRRUPS
74, 1, 105, 20, 70, 0:0, 3:1, TECH_STIRRUPS
74, 2, 205, 100, 165, 1:1, 1:3, TECH_APPRENTICESHIP
74, 3, 80, 0, 45, 2:0, 3:1, TECH_MACHINERY
74, 4, 95, 137, 35, 0:0, 3:1, TECH_STIRRUPS
74, 5, 271, 0, 140, 1:0, 2:1, TECH_STIRRUPS
74, 6, 73, 0, 0, 0:0, 0:1, TECH_STIRRUPS
74, 7, 90, 0, 0, 0:0, 0:1, TECH_STIRRUPS
74, 8, 40, 0, 20, 0:0, 0:1, TECH_STIRRUPS
74, 9, 70, 0, 0, 0:0, 0:1, NO_TECH
74, 10, 65, 0, 20, 0:0, 0:1, TECH_STIRRUPS
74, 11, 40, 0, 0, 0:0, 0:1, TECH_STIRRUPS
74, 12, 155, 0, 0, 0:0, 0:1, TECH_STIRRUPS
74, 13, 115, 0, 188, 0:0, 0:1, NO_TECH
74, 14, 25, 0, 0, 0:0, 0:1, TECH_STIRRUPS
75, 0, 65, 80, 150, 2:0, 2:1, TECH_STIRRUPS
75, 1, 105, 0, 98, 0:0, 3:1, TECH_STIRRUPS
75, 2, 170, 120, 165, 2:1, 1:3, TECH_APPRENTICESHIP
75, 3, 80, 0, 0, 2:0, 2:1, TECH_MACHINERY
75, 4, 95, 128, 35, 0:0, 3:1, TECH_STIRRUPS
75, 5, 271, 0, 115, 1:0, 2:1, TECH_STIRRUPS
75, 6, 73, 0, 0, 0:0, 0:1, TECH_STIRRUPS
75, 7, 90, 0, 0, 0:0, 0:1, TECH_STIRRUPS
75, 8, 20, 0, 20, 0:0, 0:1, TECH_STIRRUPS
75, 9, 70, 0, 0, 0:0, 0:1, NO_TECH
75, 10, 65, 0, 20, 0:0, 0:1, TECH_STIRRUPS
75, 11, 40, 0, 0, 0:0, 0:1, TECH_STIRRUPS
75, 12, 155, 0, 45, 0:0, 0:1, TECH_STIRRUPS
75, 13, 90, 0, 163, 0:0, 0:1, NO_TECH
75, 14, 25, 0, 0, 0:0, 0:1, TECH_STIRRUPS
76, 0, 65, 80, 115, 2:0, 2:1, TECH_STIRRUPS
76, 1, 105, 20, 60, 0:0, 3:1, TECH_STIRRUPS
76, 2, 170, 130, 165, 1:1, 1:3, TECH_GUNPOWDER
76, 3, 80, 0, 28, 2:0, 3:1, TECH_MACHINERY
76, 4, 95, 108, 35, 0:0, 3:1, TECH_STIRRUPS
76, 5, 271, 0, 115, 3:0, 2:1, TECH_STIRRUPS
76, 6, 73, 0, 40, 0:0, 0:1, TECH_STIRRUPS
76, 7, 90, 0, 0, 0:0, 0:1, TECH_STIRRUPS
76, 8, 20, 0, 20, 0:0, 0:1, TECH_STIRRUPS
76, 9, 70, 0, 0, 0:0, 0:1, NO_TECH
76, 10, 65, 0, 20, 0:0, 0:1, TECH_STIRRUPS
76, 11, 40, 0, 0, 0:0, 0:1, TECH_STIRRUPS
76, 12, 120, 36, 70, 0:0, 0:1, TECH_STIRRUPS
76, 13, 90, 0, 191, 0:0, 0:1, NO_TECH
76, 14, 25, 0, 0, 0:0, 0:1, TECH_STIRRUPS
77, 0, 65, 70, 115, 2:0, 2:1, TECH_STIRRUPS
77, 1, 105, 20, 53, 0:0, 3:1, TECH_STIRRUPS
77, 2, 170, 120, 165, 0:1, 1:3, TECH_GUNPOWDER
77, 3, 80, 0, 28, 2:0, 2:1, TECH_MACHINERY
77, 4, 95, 108, 60, 0:0, 3:1, TECH_STIRRUPS
77, 5, 271, 0, 140, 2:0, 2:1, TECH_STIRRUPS
77, 6, 73, 0, 40, 0:0, 0:1, TECH_STIRRUPS
77, 7, 90, 0, 0, 0:0, 0:1, TECH_STIRRUPS
77, 8, 20, 0, 20, 0:0, 0:1, TECH_STIRRUPS
77, 9, 70, 0, 25, 0:0, 0:1, NO_TECH
77, 10, 65, 0, 0, 0:0, 0:1, TECH_STIRRUPS
77, 11, 40, 0, 0, 0:0, 0:1, TECH_STIRRUPS
77, 12, 120, 36, 70, 0:0, 0:1, TECH_STIRRUPS
77, 13, 90, 0, 211, 0:0, 0:1, NO_TECH
77, 14, 25, 0, 0, 0:0, 0:1, TECH_STIRRUPS
78, 0, 45, 25, 75, 2:0, 2:1, TECH_STIRRUPS
78, 1, 105, 20, 98, 0:0, 3:1, TECH_STIRRUPS
78, 2, 170, 120, 165, 0:1, 1:3, TECH_GUNPOWDER
78, 3, 80, 0, 28, 2:0, 3:1, TECH_MACHINERY
