Game Turn, Attacking Civ, DefendingCiv, AttackerObjType, DefenderObjType, Attacker Type, Defender Type, AttackerID, DefenderID, AttackerStr, DefenderStr, AttackerStrMod, DefenderStrMod, AttackerDmg, DefenderDmg
3, 4, 63, 1:1, 131073:524295, UNIT_WARRIOR, UNIT_SCOUT, 20, 10, 0, 0, 16, 50
7, 2, 63, 1:1, 131073:720906, UNIT_WARRIOR, UNIT_SPEARMAN, 20, 25, 10, 9, 41, 29
8, 2, 63, 1:1, 131073:720906, UNIT_WARRIOR, UNIT_SPEARMAN, 20, 25, 11, 6, 26, 25
8, 5, 63, 1:1, 131073:1114128, UNIT_WARRIOR, UNIT_SPEARMAN, 20, 25, 5, 3, 33, 24
9, 5, 63, 1:1, 131073:1114128, UNIT_WARRIOR, UNIT_SPEARMAN, 20, 25, 2, 4, 42, 26
9, 12, 63, 1:1, 196610:393221, UNIT_WARRIOR, UNIT_SCOUT, 20, 10, 5, 0, 13, 43
9, 63, 5, 1:1, 1114128:131073, UNIT_SPEARMAN, UNIT_WARRIOR, 25, 20, -5, -2, 26, 26
14, 7, 63, 1:1, 196610:786443, UNIT_WARRIOR, UNIT_SCOUT, 20, 10, 5, 8, 19, 45
14, 8, 63, 1:1, 196610:1769498, UNIT_WARRIOR, UNIT_SCOUT, 20, 10, 5, 0, 19, 43
14, 9, 63, 1:1, 131073:524295, UNIT_WARRIOR, UNIT_SCOUT, 20, 10, 5, -5, 14, 63
14, 10, 63, 1:1, 196610:1769498, UNIT_WARRIOR, UNIT_SCOUT, 20, 10, 5, -4, 15, 61
14, 63, 3, 1:1, 2359331:196608, UNIT_SLINGER, UNIT_SCOUT, 15, 10, 0, 0, 0, 32
14, 63, 4, 1:1, 2293794:131073, UNIT_BARBARIAN_HORSE_ARCHER, UNIT_WARRIOR, 15, 20, 0, -2, 0, 28
15, 3, 63, 1:1, 131073:2228257, UNIT_WARRIOR, UNIT_BARBARIAN_HORSEMAN, 20, 20, 0, 0, 27, 33
15, 63, 3, 1:1, 2228257:131073, UNIT_BARBARIAN_HORSEMAN, UNIT_WARRIOR, 20, 20, -3, -3, 32, 28
15, 63, 4, 1:1, 2293794:327683, UNIT_BARBARIAN_HORSE_ARCHER, UNIT_SLINGER, 15, 5, 0, -2, 0, 48
16, 4, 63, 1:1, 327683:2293794, UNIT_SLINGER, UNIT_BARBARIAN_HORSE_ARCHER, 15, 10, -5, 0, 0, 31
16, 63, 1, 1:1, 2490405:196608, UNIT_WARRIOR, UNIT_SCOUT, 20, 10, 0, 0, 19, 35
16, 63, 4, 1:1, 2293794:327683, UNIT_BARBARIAN_HORSE_ARCHER, UNIT_SLINGER, 15, 5, -3, -7, 0, 44
17, 0, 63, 1:1, 131073:262147, UNIT_WARRIOR, UNIT_SCOUT, 20, 10, 5, 0, 15, 63
17, 11, 63, 1:1, 327683:2752519, UNIT_WARRIOR, UNIT_WARRIOR, 20, 20, 5, 8, 36, 22
17, 63, 4, 1:1, 2293794:327683, UNIT_BARBARIAN_HORSE_ARCHER, UNIT_SLINGER, 15, 5, -3, -9, 0, 60
17, 63, 3, 1:1, 2228257:131073, UNIT_BARBARIAN_HORSEMAN, UNIT_WARRIOR, 20, 20, -6, 0, 42, 19
17, 63, 11, 1:1, 2752519:327683, UNIT_WARRIOR, UNIT_WARRIOR, 20, 20, -2, 9, 53, 20
18, 11, 63, 1:1, 327683:2752519, UNIT_WARRIOR, UNIT_WARRIOR, 20, 20, -1, 1, 25, 29
18, 63, 4, 1:1, 1507350:393220, UNIT_SPEARMAN, UNIT_SCOUT, 25, 10, 0, 3, 22, 54
18, 63, 12, 1:1, 2621479:262144, UNIT_WARRIOR, UNIT_WARRIOR, 20, 20, 0, 5, 34, 25
19, 0, 63, 1:1, 131073:2818088, UNIT_WARRIOR, UNIT_SLINGER, 20, 5, 5, 0, 12, 55
19, 12, 63, 1:1, 262144:2621479, UNIT_WARRIOR, UNIT_WARRIOR, 20, 20, 3, -3, 21, 34
19, 63, 0, 1:1, 2818088:131073, UNIT_SLINGER, UNIT_WARRIOR, 15, 20, -5, 4, 0, 18
19, 63, 4, 1:1, 1441813:196608, UNIT_SLINGER, UNIT_SCOUT, 15, 10, 0, 5, 0, 25
19, 63, 12, 1:1, 1507350:131073, UNIT_SPEARMAN, UNIT_WARRIOR, 25, 20, -2, 10, 36, 26
19, 63, 12, 1:1, 2621479:262144, UNIT_WARRIOR, UNIT_WARRIOR, 20, 20, -7, 0, 36, 26
19, 63, 11, 1:1, 1703961:327683, UNIT_SPEARMAN, UNIT_WARRIOR, 25, 20, 0, 5, 25, 32
20, 0, 63, 1:1, 131073:2818088, UNIT_WARRIOR, UNIT_SLINGER, 20, 5, 3, -5, 12, 65
20, 12, 63, 1:1, 131073:1507350, UNIT_WARRIOR, UNIT_SPEARMAN, 20, 25, 7, -6, 17, 40
20, 63, 0, 1:1, 2424868:131073, UNIT_WARRIOR, UNIT_WARRIOR, 20, 20, 0, 2, 34, 32
20, 63, 4, 1:1, 2293794:131073, UNIT_BARBARIAN_HORSE_ARCHER, UNIT_WARRIOR, 15, 20, -3, 5, 0, 19
21, 0, 63, 1:1, 393220:1376276, UNIT_WARRIOR, UNIT_WARRIOR, 20, 20, 5, 0, 25, 36
21, 0, 63, 1:1, 131073:2424868, UNIT_WARRIOR, UNIT_WARRIOR, 20, 20, 12, -3, 16, 43
21, 1, 63, 1:1, 196608:2490405, UNIT_SCOUT, UNIT_WARRIOR, 10, 20, -3, 3, 65, 15
21, 12, 63, 1:1, 131073:1507350, UNIT_WARRIOR, UNIT_SPEARMAN, 20, 25, 6, -7, 19, 39
21, 63, 5, 1:1, 3866678:196608, UNIT_SLINGER, UNIT_SCOUT, 15, 10, 0, 3, 0, 34
21, 63, 0, 1:1, 2424868:131073, UNIT_WARRIOR, UNIT_WARRIOR, 20, 20, -8, 3, 36, 16
21, 63, 4, 1:1, 2293794:131073, UNIT_BARBARIAN_HORSE_ARCHER, UNIT_WARRIOR, 15, 20, -3, 3, 0, 17
22, 63, 5, 1:1, 3407921:196608, UNIT_WARRIOR, UNIT_SCOUT, 20, 10, 0, -3, 17, 44
22, 63, 0, 1:1, 1376276:131073, UNIT_WARRIOR, UNIT_WARRIOR, 20, 20, -4, 1, 36, 25
23, 0, 63, 1:1, 131073:1376276, UNIT_WARRIOR, UNIT_WARRIOR, 20, 20, 7, -7, 15, 47
23, 2, 63, 1:1, 327683:1638424, UNIT_SLINGER, UNIT_WARRIOR, 15, 20, 5, 3, 0, 22
23, 3, 63, 1:1, 196608:1310739, UNIT_SCOUT, UNIT_SCOUT, 10, 10, 5, 8, 29, 21
23, 5, 63, 1:1, 393219:3866678, UNIT_SCOUT, UNIT_SLINGER, 10, 5, 5, 0, 18, 37
23, 11, 63, 1:1, 196610:4522044, UNIT_WARRIOR, UNIT_SLINGER, 20, 5, 5, 3, 13, 56
23, 63, 2, 1:1, 1638424:327683, UNIT_WARRIOR, UNIT_SLINGER, 20, 5, -2, 5, 21, 39
23, 63, 5, 1:1, 3866678:393219, UNIT_SLINGER, UNIT_SCOUT, 15, 10, -4, 3, 0, 26
23, 63, 5, 1:1, 3407921:196608, UNIT_WARRIOR, UNIT_SCOUT, 20, 10, -2, 2, 24, 39
23, 63, 4, 1:1, 2293794:131073, UNIT_BARBARIAN_HORSE_ARCHER, UNIT_WARRIOR, 15, 20, -3, 1, 0, 18
23, 63, 4, 1:1, 458758:131073, UNIT_SPEARMAN, UNIT_WARRIOR, 25, 20, 0, 5, 30, 33
23, 63, 11, 1:1, 4522044:196610, UNIT_SLINGER, UNIT_WARRIOR, 15, 20, -6, 7, 0, 14
23, 63, 0, 1:1, 3145773:262146, UNIT_SLINGER, UNIT_SCOUT, 15, 10, 0, 5, 0, 35
23, 63, 5, 1:1, 3670068:196608, UNIT_WARRIOR, UNIT_SCOUT, 20, 10, 0, -2, 19, 52
24, 2, 63, 1:1, 458757:2687002, UNIT_WARRIOR, UNIT_WARRIOR, 20, 20, 5, 0, 20, 41
24, 3, 63, 1:1, 196608:1310739, UNIT_SCOUT, UNIT_SCOUT, 10, 10, 2, -2, 25, 39
24, 5, 63, 3:1, 65536:3407921, DISTRICT_CITY_CENTER, DISTRICT_CITY_CENTER, 3, 20, 0, -1, 0, 13
24, 11, 63, 1:1, 196610:4522044, UNIT_WARRIOR, UNIT_SLINGER, 20, 5, 2, -3, 14, 74
24, 63, 2, 1:1, 1638424:458757, UNIT_WARRIOR, UNIT_WARRIOR, 20, 20, -4, 3, 36, 19
24, 63, 4, 1:1, 2293794:131073, UNIT_BARBARIAN_HORSE_ARCHER, UNIT_WARRIOR, 15, 20, -3, -4, 0, 23
24, 63, 0, 1:1, 3145773:262146, UNIT_SLINGER, UNIT_SCOUT, 15, 10, 0, 2, 0, 33
24, 63, 4, 1:1, 4128808:196608, UNIT_WARRIOR, UNIT_SCOUT, 20, 10, 0, 4, 27, 31
25, 5, 63, 1:1, 720898:3080236, UNIT_WARRIOR, UNIT_WARRIOR, 20, 20, 5, 0, 23, 40
25, 5, 63, 3:1, 65536:3407921, DISTRICT_CITY_CENTER, DISTRICT_CITY_CENTER, 3, 20, 0, -2, 0, 16
25, 11, 63, 1:1, 196610:1703961, UNIT_WARRIOR, UNIT_SPEARMAN, 20, 25, 6, 10, 35, 20
25, 63, 2, 1:1, 1638424:131073, UNIT_WARRIOR, UNIT_WARRIOR, 20, 20, -8, 5, 57, 19
25, 63, 5, 1:1, 3866678:393219, UNIT_SLINGER, UNIT_SCOUT, 15, 10, -4, 1, 0, 26
25, 63, 0, 1:1, 196610:262146, UNIT_SPEARMAN, UNIT_SCOUT, 25, 10, 0, -1, 17, 55
25, 63, 0, 1:1, 3473458:393220, UNIT_WARRIOR, UNIT_WARRIOR, 20, 20, 0, 14, 41, 16
25, 63, 5, 1:1, 3670068:393219, UNIT_WARRIOR, UNIT_SCOUT, 20, 10, 0, -2, 17, 56
26, 1, 63, 1:1, 458756:2490405, UNIT_SCOUT, UNIT_WARRIOR, 10, 20, 0, -3, 38, 20
26, 5, 63, 3:1, 65536:3866678, DISTRICT_CITY_CENTER, DISTRICT_CITY_CENTER, 3, 5, 0, -1, 0, 33
26, 11, 63, 1:1, 131073:1703961, UNIT_WARRIOR, UNIT_SPEARMAN, 20, 25, 10, 8, 31, 25
26, 63, 5, 1:1, 3866678:720898, UNIT_SLINGER, UNIT_WARRIOR, 15, 20, -7, 3, 0, 13
26, 63, 2, 1:1, 2949162:196608, UNIT_WARRIOR, UNIT_SCOUT, 20, 10, 0, 5, 26, 43
26, 63, 6, 1:1, 4718612:131073, UNIT_BARBARIAN_HORSEMAN, UNIT_WARRIOR, 20, 20, 0, 5, 41, 28
26, 63, 0, 1:1, 3473458:393220, UNIT_WARRIOR, UNIT_WARRIOR, 20, 20, -4, 12, 63, 16
26, 63, 3, 1:1, 3997751:196608, UNIT_WARRIOR, UNIT_SCOUT, 20, 10, 0, 3, 19, 41
27, 0, 63, 1:1, 131073:3145773, UNIT_WARRIOR, UNIT_SLINGER, 20, 5, 12, 0, 8, 96
27, 0, 63, 1:1, 393220:3145773, UNIT_WARRIOR, UNIT_SLINGER, 20, 5, 5, -10, 8, 91
27, 1, 63, 1:1, 327683:2490405, UNIT_SLINGER, UNIT_WARRIOR, 15, 20, 0, -5, 0, 35
27, 2, 63, 1:1, 131073:3211310, UNIT_WARRIOR, UNIT_SLINGER, 20, 5, 8, 5, 15, 70
27, 5, 63, 1:1, 786436:3080236, UNIT_WARRIOR, UNIT_WARRIOR, 20, 20, 5, -4, 25, 37
27, 5, 63, 3:1, 65536:3866678, DISTRICT_CITY_CENTER, DISTRICT_CITY_CENTER, 3, 5, 0, -4, 0, 31
27, 7, 63, 1:1, 393219:655369, UNIT_ARCHER, UNIT_SCOUT, 25, 10, 5, 0, 0, 68
27, 11, 63, 1:1, 196610:1703961, UNIT_WARRIOR, UNIT_SPEARMAN, 20, 25, 15, 5, 25, 41
27, 63, 4, 1:1, 3932199:720904, UNIT_BARBARIAN_HORSEMAN, UNIT_SLINGER, 20, 5, 0, 10, 26, 32
27, 63, 2, 1:1, 2949162:327683, UNIT_WARRIOR, UNIT_SLINGER, 20, 5, -3, 9, 29, 38
27, 63, 3, 1:1, 4718612:131073, UNIT_BARBARIAN_HORSEMAN, UNIT_WARRIOR, 20, 20, -4, 3, 40, 25
27, 63, 2, 1:1, 2687002:196608, UNIT_WARRIOR, UNIT_SCOUT, 20, 10, -4, 6, 25, 29
28, 0, 63, 1:1, 458752:5177404, UNIT_WARRIOR, UNIT_WARRIOR, 20, 20, 5, 3, 32, 29
28, 0, 63, 1:1, 589830:2162720, UNIT_WARRIOR, UNIT_SCOUT, 20, 10, 5, 0, 19, 57
28, 1, 63, 1:1, 327683:1441813, UNIT_SLINGER, UNIT_SLINGER, 15, 5, 0, 3, 0, 46
28, 4, 63, 1:1, 720904:3538977, UNIT_SLINGER, UNIT_SCOUT, 15, 10, 2, 0, 0, 40
28, 4, 63, 1:1, 196608:3538977, UNIT_SCOUT, UNIT_SCOUT, 10, 10, 0, -4, 23, 38
28, 5, 63, 1:1, 786436:3670068, UNIT_WARRIOR, UNIT_WARRIOR, 20, 20, 3, 1, 27, 33
28, 5, 63, 1:1, 589830:3670068, UNIT_WARRIOR, UNIT_WARRIOR, 20, 20, 5, -7, 18, 56
28, 7, 63, 1:1, 393219:655369, UNIT_ARCHER, UNIT_SCOUT, 25, 10, 5, -7, 0, 96
28, 8, 63, 1:1, 131073:3801141, UNIT_WARRIOR, UNIT_SCOUT, 20, 10, 0, -2, 20, 54
28, 63, 4, 1:1, 3932199:720904, UNIT_BARBARIAN_HORSEMAN, UNIT_SLINGER, 20, 5, -3, 7, 23, 37
28, 63, 4, 1:1, 3014699:720904, UNIT_BARBARIAN_HORSEMAN, UNIT_SLINGER, 20, 5, 0, -2, 16, 48
28, 63, 0, 1:1, 5177404:131073, UNIT_WARRIOR, UNIT_WARRIOR, 20, 20, -3, 7, 43, 21
28, 63, 0, 1:1, 4784191:458752, UNIT_WARRIOR, UNIT_WARRIOR, 20, 20, 0, 6, 38, 19
28, 63, 2, 1:1, 1835035:458757, UNIT_SLINGER, UNIT_WARRIOR, 15, 20, 0, 8, 0, 21
28, 63, 2, 1:1, 2949162:327683, UNIT_WARRIOR, UNIT_SLINGER, 20, 5, -5, 10, 31, 24
28, 63, 3, 1:1, 4718612:131073, UNIT_BARBARIAN_HORSEMAN, UNIT_WARRIOR, 20, 20, -8, 0, 47, 17
28, 63, 4, 1:1, 4128808:393220, UNIT_WARRIOR, UNIT_SCOUT, 20, 10, -3, 2, 23, 32
28, 63, 2, 1:1, 2687002:196608, UNIT_WARRIOR, UNIT_SCOUT, 20, 10, -7, 3, 32, 36
29, 0, 63, 1:1, 458752:5177404, UNIT_WARRIOR, UNIT_WARRIOR, 20, 20, 2, -4, 23, 41
29, 0, 63, 1:1, 720898:4784191, UNIT_WARRIOR, UNIT_WARRIOR, 20, 20, 5, -4, 18, 37
29, 0, 63, 1:1, 131073:4784191, UNIT_WARRIOR, UNIT_WARRIOR, 20, 20, 12, -7, 17, 71
29, 1, 63, 1:1, 327683:2490405, UNIT_SLINGER, UNIT_WARRIOR, 15, 20, 0, -9, 0, 41
29, 2, 63, 1:1, 131073:2687002, UNIT_WARRIOR, UNIT_WARRIOR, 20, 20, 17, -10, 10, 79
29, 3, 63, 1:1, 458757:2359331, UNIT_INDIAN_VARU, UNIT_SLINGER, 40, 5, 5, 0, 6, 100
29, 5, 63, 1:1, 851971:3080236, UNIT_WARRIOR, UNIT_WARRIOR, 20, 20, 5, -8, 18, 49
29, 5, 63, 3:1, 65536:4063288, DISTRICT_CITY_CENTER, DISTRICT_CITY_CENTER, 3, 5, 0, 0, 0, 22
29, 7, 63, 1:1, 393219:786443, UNIT_ARCHER, UNIT_SCOUT, 25, 10, 5, -1, 0, 76
29, 14, 63, 1:1, 196610:5439538, UNIT_WARRIOR, UNIT_SPEARMAN, 20, 25, 10, 3, 32, 38
29, 63, 2, 1:1, 1835035:327683, UNIT_SLINGER, UNIT_SLINGER, 15, 5, 0, 15, 0, 26
29, 63, 2, 1:1, 4390948:458757, UNIT_WARRIOR, UNIT_WARRIOR, 20, 20, 0, 4, 30, 27
29, 63, 3, 1:1, 3604531:458757, UNIT_WARRIOR, UNIT_INDIAN_VARU, 20, 40, -5, 4, 79, 10
29, 63, 3, 1:1, 3735559:458757, UNIT_WARRIOR, UNIT_INDIAN_VARU, 20, 40, -5, 3, 91, 10
29, 63, 0, 1:1, 5308475:458752, UNIT_WARRIOR, UNIT_WARRIOR, 20, 20, 0, 3, 30, 25
30, 1, 63, 1:1, 327683:1441813, UNIT_SLINGER, UNIT_SLINGER, 15, 5, 0, 0, 0, 52
30, 1, 63, 1:1, 458756:1441813, UNIT_SCOUT, UNIT_SLINGER, 10, 5, -2, -5, 25, 48
30, 2, 63, 1:1, 524294:2883625, UNIT_WARRIOR, UNIT_SLINGER, 20, 5, 10, 3, 14, 78
30, 2, 63, 1:1, 131073:2949162, UNIT_WARRIOR, UNIT_WARRIOR, 20, 20, 16, -9, 11, 81
30, 3, 63, 1:1, 458757:3735559, UNIT_INDIAN_VARU, UNIT_WARRIOR, 40, 20, 2, -14, 8, 100
30, 5, 63, 3:1, 65536:4063288, DISTRICT_CITY_CENTER, DISTRICT_CITY_CENTER, 3, 5, 0, 1, 0, 29
30, 8, 63, 1:1, 131073:3801141, UNIT_WARRIOR, UNIT_SCOUT, 20, 10, -1, -7, 18, 46
30, 14, 63, 1:1, 131073:5439538, UNIT_WARRIOR, UNIT_SPEARMAN, 20, 25, 10, 2, 30, 33
30, 14, 63, 1:1, 196610:5439538, UNIT_WARRIOR, UNIT_SPEARMAN, 20, 25, 7, -1, 22, 29
30, 63, 4, 1:1, 3932199:196608, UNIT_BARBARIAN_HORSEMAN, UNIT_SCOUT, 20, 10, -5, -2, 26, 42
30, 63, 2, 1:1, 1835035:851977, UNIT_SLINGER, UNIT_ARCHER, 15, 15, 0, 12, 0, 16
30, 63, 0, 1:1, 5308475:458752, UNIT_WARRIOR, UNIT_WARRIOR, 20, 20, -3, 0, 27, 25
31, 0, 63, 1:1, 393220:5308475, UNIT_WARRIOR, UNIT_WARRIOR, 20, 20, 4, -3, 26, 31
31, 2, 63, 1:1, 851977:1835035, UNIT_ARCHER, UNIT_SLINGER, 25, 5, 9, 0, 0, 76
31, 63, 2, 1:1, 2883625:786440, UNIT_SLINGER, UNIT_SCOUT, 15, 10, -8, 13, 0, 16
31, 63, 2, 1:1, 1835035:851977, UNIT_SLINGER, UNIT_ARCHER, 15, 15, -8, 10, 0, 17
31, 63, 2, 1:1, 4390948:458757, UNIT_WARRIOR, UNIT_WARRIOR, 20, 20, -3, 3, 36, 26
31, 63, 2, 1:1, 3211310:786440, UNIT_SLINGER, UNIT_SCOUT, 15, 10, -7, 11, 0, 15
31, 63, 0, 1:1, 5308475:393220, UNIT_WARRIOR, UNIT_WARRIOR, 20, 20, -9, 7, 62, 16
31, 63, 3, 1:1, 5832758:196608, UNIT_BARBARIAN_HORSEMAN, UNIT_SCOUT, 20, 10, 0, -4, 18, 58
32, 3, 63, 1:1, 458757:3604531, UNIT_INDIAN_VARU, UNIT_WARRIOR, 40, 20, 5, -13, 6, 100
32, 5, 63, 1:1, 589830:3407921, UNIT_WARRIOR, UNIT_WARRIOR, 20, 20, 3, -7, 18, 45
32, 63, 5, 1:3, 5570631:65536, UNIT_BARBARIAN_HORSEMAN, UNKNOWN, 20, 18, 0, 8, 34, 1
32, 63, 2, 1:1, 4390948:458757, UNIT_WARRIOR, UNIT_WARRIOR, 20, 20, -7, 0, 33, 22
32, 63, 0, 1:1, 5046339:589830, UNIT_WARRIOR, UNIT_WARRIOR, 20, 20, 0, 7, 43, 21
33, 0, 63, 1:1, 589830:5046339, UNIT_WARRIOR, UNIT_WARRIOR, 20, 20, 6, -1, 23, 37
33, 1, 63, 1:1, 720902:5898285, UNIT_ARCHER, UNIT_WARRIOR, 25, 20, 5, 0, 0, 44
33, 2, 63, 1:1, 655360:4390948, UNIT_WARRIOR, UNIT_WARRIOR, 20, 20, 10, -5, 18, 59
33, 5, 63, 1:1, 1048583:5701705, UNIT_HEAVY_CHARIOT, UNIT_SLINGER, 28, 5, 5, 0, 10, 96
33, 5, 63, 3:1, 65536:5570631, DISTRICT_CITY_CENTER, DISTRICT_CITY_CENTER, 3, 20, 0, -3, 0, 15
33, 6, 63, 1:1, 196610:6160436, UNIT_WARRIOR, UNIT_BARBARIAN_HORSEMAN, 20, 20, 5, 0, 26, 34
33, 63, 6, 1:1, 6488117:196610, UNIT_BARBARIAN_HORSE_ARCHER, UNIT_WARRIOR, 15, 20, 0, 8, 0, 15
33, 63, 6, 1:1, 6160436:196610, UNIT_BARBARIAN_HORSEMAN, UNIT_WARRIOR, 20, 20, -3, 7, 39, 21
33, 63, 0, 1:1, 6029387:589830, UNIT_WARRIOR, UNIT_WARRIOR, 20, 20, 0, 6, 41, 23
33, 63, 0, 1:1, 5046339:589830, UNIT_WARRIOR, UNIT_WARRIOR, 20, 20, -8, 3, 53, 22
33, 63, 8, 1:1, 6619178:458757, UNIT_ARCHER, UNIT_GALLEY, 25, 30, 0, 0, 0, 21
33, 63, 8, 1:1, 3276847:458757, UNIT_SLINGER, UNIT_GALLEY, 15, 30, 0, -2, 0, 21
33, 63, 2, 1:1, 6553650:786440, UNIT_ARCHER, UNIT_SCOUT, 25, 10, 0, 7, 0, 45
33, 63, 2, 1:1, 3211310:786440, UNIT_SLINGER, UNIT_SCOUT, 15, 10, -7, 2, 0, 22
34, 1, 63, 1:1, 720902:5898285, UNIT_ARCHER, UNIT_WARRIOR, 25, 20, 5, -1, 0, 47
34, 1, 63, 1:1, 458756:5898285, UNIT_SCOUT, UNIT_WARRIOR, 10, 20, 5, -1, 37, 22
34, 2, 63, 1:1, 917509:1835035, UNIT_ARCHER, UNIT_SLINGER, 25, 5, 10, -2, 0, 100
34, 5, 63, 1:1, 1048583:5701705, UNIT_HEAVY_CHARIOT, UNIT_SLINGER, 28, 5, 4, -7, 9, 89
34, 5, 63, 3:1, 65536:5570631, DISTRICT_CITY_CENTER, DISTRICT_CITY_CENTER, 3, 20, 0, -7, 0, 21
34, 6, 63, 1:1, 196610:6160436, UNIT_WARRIOR, UNIT_BARBARIAN_HORSEMAN, 20, 20, -1, -7, 24, 37
34, 63, 5, 1:1, 3342384:589830, UNIT_BARBARIAN_HORSE_ARCHER, UNIT_WARRIOR, 15, 20, 0, 1, 0, 26
34, 63, 6, 1:1, 6488117:196610, UNIT_BARBARIAN_HORSE_ARCHER, UNIT_WARRIOR, 15, 20, 0, -4, 0, 29
34, 63, 1, 1:1, 4128808:458756, UNIT_WARRIOR, UNIT_SCOUT, 20, 10, -5, 1, 29, 30
34, 63, 4, 1:1, 4849728:393220, UNIT_BARBARIAN_HORSEMAN, UNIT_SCOUT, 20, 10, 0, 10, 30, 25
35, 0, 63, 1:1, 131073:6029387, UNIT_WARRIOR, UNIT_WARRIOR, 20, 20, 14, -1, 17, 55
35, 0, 63, 1:1, 589830:6029387, UNIT_WARRIOR, UNIT_WARRIOR, 20, 20, 13, -7, 12, 52
35, 0, 63, 1:1, 786440:2162720, UNIT_WARRIOR, UNIT_SCOUT, 20, 10, 7, -3, 13, 69
35, 1, 63, 1:1, 720902:4128808, UNIT_ARCHER, UNIT_WARRIOR, 25, 20, 5, -8, 0, 52
35, 2, 63, 1:1, 524294:3211310, UNIT_WARRIOR, UNIT_SLINGER, 20, 5, 10, -7, 9, 100
35, 4, 63, 1:1, 786440:3014699, UNIT_SLINGER, UNIT_BARBARIAN_HORSEMAN, 15, 20, 5, -2, 0, 32
35, 5, 63, 1:1, 1179657:5570631, UNIT_ARCHER, UNIT_BARBARIAN_HORSEMAN, 25, 20, 5, -4, 0, 45
35, 5, 63, 3:1, 65536:5373976, DISTRICT_CITY_CENTER, DISTRICT_CITY_CENTER, 25, 20, 0, -2, 0, 45
35, 10, 63, 1:1, 131073:1179665, UNIT_WARRIOR, UNIT_SCOUT, 20, 10, 5, 3, 16, 42
35, 12, 63, 1:1, 131073:5505094, UNIT_WARRIOR, UNIT_SCOUT, 20, 10, 5, 3, 18, 38
35, 63, 5, 1:1, 3342384:1179657, UNIT_BARBARIAN_HORSE_ARCHER, UNIT_ARCHER, 15, 15, 0, 5, 0, 28
35, 63, 5, 1:1, 5373976:1179657, UNIT_BARBARIAN_HORSEMAN, UNIT_ARCHER, 20, 15, -4, 2, 35, 29
35, 63, 0, 1:1, 5767242:393220, UNIT_SLINGER, UNIT_WARRIOR, 15, 20, 0, 5, 0, 22
35, 63, 8, 1:1, 6619178:262144, UNIT_ARCHER, UNIT_GALLEY, 25, 30, 0, 0, 0, 20
35, 63, 5, 1:1, 6422588:1048583, UNIT_WARRIOR, UNIT_HEAVY_CHARIOT, 20, 28, 0, 6, 52, 14
35, 63, 5, 1:1, 6684693:1048583, UNIT_WARRIOR, UNIT_HEAVY_CHARIOT, 20, 28, 0, 5, 41, 18
36, 0, 63, 1:1, 393220:5767242, UNIT_WARRIOR, UNIT_SLINGER, 20, 5, 13, 0, 12, 100
36, 3, 63, 1:1, 131073:6488117, UNIT_WARRIOR, UNIT_BARBARIAN_HORSE_ARCHER, 20, 10, 12, 0, 12, 61
36, 5, 63, 1:1, 851971:5373976, UNIT_WARRIOR, UNIT_BARBARIAN_HORSEMAN, 20, 20, 5, -8, 17, 48
36, 5, 63, 3:1, 65536:3342384, DISTRICT_CITY_CENTER, DISTRICT_CITY_CENTER, 25, 10, 0, -2, 0, 61
36, 63, 3, 1:1, 6488117:131073, UNIT_BARBARIAN_HORSE_ARCHER, UNIT_WARRIOR, 15, 20, -11, 4, 0, 16
36, 63, 3, 1:1, 6291525:131073, UNIT_BARBARIAN_HORSEMAN, UNIT_WARRIOR, 20, 20, 0, 2, 34, 32
36, 63, 14, 1:1, 7208996:131073, UNIT_ARCHER, UNIT_WARRIOR, 25, 20, 0, 3, 0, 37
36, 63, 8, 1:1, 6619178:262144, UNIT_ARCHER, UNIT_GALLEY, 25, 30, 0, -2, 0, 27
36, 63, 5, 1:1, 7077932:1048583, UNIT_WARRIOR, UNIT_HEAVY_CHARIOT, 20, 28, 0, 8, 65, 17
36, 63, 5, 1:1, 6684693:1048583, UNIT_WARRIOR, UNIT_HEAVY_CHARIOT, 20, 28, -4, 6, 53, 12
36, 63, 5, 1:1, 6422588:1048583, UNIT_WARRIOR, UNIT_HEAVY_CHARIOT, 20, 28, -5, 5, 67, 15
36, 63, 4, 1:1, 4849728:393220, UNIT_BARBARIAN_HORSEMAN, UNIT_SCOUT, 20, 10, -3, 2, 25, 41
37, 2, 63, 1:1, 524294:6553650, UNIT_WARRIOR, UNIT_ARCHER, 20, 15, 9, 0, 18, 42
37, 4, 63, 1:1, 851970:4456470, UNIT_WARRIOR, UNIT_BARBARIAN_HORSE_ARCHER, 20, 10, 5, 0, 19, 63
37, 5, 63, 1:1, 1048583:6684693, UNIT_HEAVY_CHARIOT, UNIT_WARRIOR, 28, 20, 2, -9, 14, 73
37, 5, 63, 1:1, 786436:6881338, UNIT_WARRIOR, UNIT_WARRIOR, 20, 20, 3, 3, 27, 33
37, 5, 63, 1:1, 589830:3342384, UNIT_WARRIOR, UNIT_BARBARIAN_HORSE_ARCHER, 20, 10, 12, -6, 12, 86
37, 5, 63, 3:1, 65536:6881338, DISTRICT_CITY_CENTER, DISTRICT_CITY_CENTER, 25, 20, 0, 0, 0, 32
37, 10, 63, 1:1, 458756:1966109, UNIT_ARCHER, UNIT_SCOUT, 25, 10, 5, 0, 0, 70
37, 63, 3, 1:1, 6488117:131073, UNIT_BARBARIAN_HORSE_ARCHER, UNIT_WARRIOR, 15, 20, -6, -1, 0, 20
37, 63, 3, 1:1, 6291525:131073, UNIT_BARBARIAN_HORSEMAN, UNIT_WARRIOR, 20, 20, -3, -3, 29, 24
37, 63, 14, 1:1, 7208996:131073, UNIT_ARCHER, UNIT_WARRIOR, 25, 20, 0, -1, 0, 42
37, 63, 5, 1:1, 7077932:1048583, UNIT_WARRIOR, UNIT_HEAVY_CHARIOT, 20, 28, -6, 0, 42, 14
37, 63, 1, 1:1, 7405641:917512, UNIT_WARRIOR, UNIT_SCOUT, 20, 10, 0, 5, 23, 36
37, 63, 2, 1:1, 6553650:524294, UNIT_ARCHER, UNIT_WARRIOR, 25, 20, -4, 2, 0, 26
38, 1, 63, 1:1, 917512:7405641, UNIT_SCOUT, UNIT_WARRIOR, 10, 20, 1, 1, 40, 24
38, 2, 63, 1:1, 917509:6357055, UNIT_ARCHER, UNIT_WARRIOR, 25, 20, 5, 0, 0, 52
38, 2, 63, 1:1, 655360:4587581, UNIT_WARRIOR, UNIT_WARRIOR, 20, 20, 3, 3, 34, 25
38, 4, 63, 1:1, 917507:3014699, UNIT_ARCHER, UNIT_BARBARIAN_HORSEMAN, 25, 20, 5, -2, 0, 41
38, 5, 63, 1:1, 589830:4063288, UNIT_WARRIOR, UNIT_SLINGER, 20, 5, 11, -5, 8, 93
38, 5, 63, 3:1, 65536:7274533, DISTRICT_CITY_CENTER, DISTRICT_CITY_CENTER, 25, 20, 0, 0, 0, 30
38, 14, 63, 1:1, 196610:7208996, UNIT_WARRIOR, UNIT_ARCHER, 20, 15, 2, 3, 30, 35
38, 63, 3, 1:1, 6488117:589824, UNIT_BARBARIAN_HORSE_ARCHER, UNIT_INDIAN_VARU, 15, 40, -11, 5, 0, 7
38, 63, 14, 1:1, 7208996:131073, UNIT_ARCHER, UNIT_WARRIOR, 25, 20, -3, -5, 0, 44
38, 63, 8, 1:1, 6619178:262144, UNIT_ARCHER, UNIT_GALLEY, 25, 30, 0, -5, 0, 27
38, 63, 1, 1:1, 327684:917512, UNIT_SPEARMAN, UNIT_SCOUT, 25, 10, 0, -3, 18, 52
38, 63, 2, 1:1, 6357055:917509, UNIT_WARRIOR, UNIT_ARCHER, 20, 15, -5, 8, 44, 20
39, 2, 63, 1:1, 524294:6553650, UNIT_WARRIOR, UNIT_ARCHER, 20, 15, 12, -4, 13, 68
39, 2, 63, 1:1, 917509:6357055, UNIT_ARCHER, UNIT_WARRIOR, 25, 20, 3, -10, 0, 50
39, 2, 63, 1:1, 851977:4587581, UNIT_ARCHER, UNIT_WARRIOR, 25, 20, 6, 1, 0, 38
39, 5, 63, 1:1, 1245194:6881338, UNIT_ARCHER, UNIT_WARRIOR, 25, 20, 5, -6, 0, 47
39, 5, 63, 3:1, 65536:7274533, DISTRICT_CITY_CENTER, DISTRICT_CITY_CENTER, 25, 20, 0, 0, 0, 40
39, 10, 63, 1:1, 458756:1966109, UNIT_ARCHER, UNIT_SCOUT, 25, 10, 5, -7, 0, 69
39, 12, 63, 1:1, 458757:5505094, UNIT_ARCHER, UNIT_SCOUT, 25, 10, 5, -1, 0, 67
39, 63, 3, 1:1, 6488117:589824, UNIT_BARBARIAN_HORSE_ARCHER, UNIT_INDIAN_VARU, 15, 40, -11, 5, 0, 5
39, 63, 3, 1:1, 6291525:589824, UNIT_BARBARIAN_HORSEMAN, UNIT_INDIAN_VARU, 20, 40, -11, 5, 100, 7
39, 63, 14, 1:1, 7208996:196610, UNIT_ARCHER, UNIT_WARRIOR, 25, 20, -3, 4, 0, 30
39, 63, 3, 1:1, 3997751:458757, UNIT_WARRIOR, UNIT_INDIAN_VARU, 20, 40, -7, 10, 100, 8
39, 63, 4, 1:1, 3014699:458757, UNIT_BARBARIAN_HORSEMAN, UNIT_SCOUT, 20, 10, -9, 5, 31, 23
39, 63, 8, 1:1, 6619178:458757, UNIT_ARCHER, UNIT_GALLEY, 25, 30, 0, -4, 0, 34
39, 63, 2, 1:1, 4915265:524294, UNIT_WARRIOR, UNIT_WARRIOR, 20, 20, 0, 4, 30, 29
40, 3, 63, 1:1, 589824:6488117, UNIT_INDIAN_VARU, UNIT_BARBARIAN_HORSE_ARCHER, 40, 10, 5, -11, 4, 100
40, 5, 63, 1:1, 1245194:7536685, UNIT_ARCHER, UNIT_WARRIOR, 25, 20, 5, 3, 0, 33
40, 5, 63, 3:1, 65536:7536685, DISTRICT_CITY_CENTER, DISTRICT_CITY_CENTER, 25, 20, 0, 0, 0, 33
40, 10, 63, 1:1, 458756:1179665, UNIT_ARCHER, UNIT_SCOUT, 25, 10, 5, -4, 0, 67
40, 13, 63, 1:1, 393220:5963801, UNIT_ARCHER, UNIT_BARBARIAN_HORSEMAN, 25, 20, 0, 3, 0, 34
40, 14, 63, 1:1, 196610:7208996, UNIT_WARRIOR, UNIT_ARCHER, 20, 15, 9, 0, 19, 43
40, 63, 14, 1:1, 7208996:196610, UNIT_ARCHER, UNIT_WARRIOR, 25, 20, -8, 0, 0, 24
40, 63, 13, 1:1, 5963801:393220, UNIT_BARBARIAN_HORSEMAN, UNIT_ARCHER, 20, 15, -3, 0, 22, 34
40, 63, 2, 1:1, 7864380:917509, UNIT_WARRIOR, UNIT_ARCHER, 20, 15, 0, 3, 26, 26
41, 1, 63, 1:1, 131073:131073, UNIT_WARRIOR, UNIT_SCOUT, 20, 10, 0, 0, 18, 43
41, 3, 63, 1:1, 589824:6815803, UNIT_INDIAN_VARU, UNIT_BARBARIAN_HORSE_ARCHER, 40, 10, 5, -5, 6, 100
41, 4, 63, 1:1, 917507:3932199, UNIT_ARCHER, UNIT_BARBARIAN_HORSEMAN, 25, 20, 5, -1, 0, 47
41, 7, 63, 1:1, 393219:7012401, UNIT_ARCHER, UNIT_SCOUT, 25, 10, 0, 0, 0, 59
41, 12, 63, 1:1, 524294:1048591, UNIT_ARCHER, UNIT_SCOUT, 25, 10, 0, 3, 0, 56
41, 13, 63, 1:1, 327683:5963801, UNIT_ARCHER, UNIT_BARBARIAN_HORSEMAN, 25, 20, 0, -6, 0, 41
41, 13, 63, 1:1, 393220:5963801, UNIT_ARCHER, UNIT_BARBARIAN_HORSEMAN, 25, 20, -3, -10, 0, 48
41, 63, 14, 1:1, 7208996:196610, UNIT_ARCHER, UNIT_WARRIOR, 25, 20, -8, -8, 0, 38
41, 63, 5, 1:1, 7667783:1245194, UNIT_WARRIOR, UNIT_ARCHER, 20, 15, 0, 5, 33, 33
41, 63, 5, 1:1, 7536685:1245194, UNIT_WARRIOR, UNIT_ARCHER, 20, 15, -7, 2, 28, 30
41, 63, 5, 1:1, 7274533:1245194, UNIT_WARRIOR, UNIT_ARCHER, 20, 15, -7, -1, 36, 25
41, 63, 2, 1:1, 7864380:917509, UNIT_WARRIOR, UNIT_ARCHER, 20, 15, -3, 0, 31, 31
41, 63, 13, 1:1, 8257599:327683, UNIT_BARBARIAN_HORSE_ARCHER, UNIT_ARCHER, 15, 15, 0, 3, 0, 27
41, 63, 2, 1:1, 7798858:786440, UNIT_WARRIOR, UNIT_SCOUT, 20, 10, 0, 6, 27, 39
42, 1, 63, 1:1, 131073:131073, UNIT_WARRIOR, UNIT_SCOUT, 20, 10, -2, -4, 20, 57
42, 2, 63, 1:1, 1048580:4915265, UNIT_ARCHER, UNIT_WARRIOR, 25, 20, 5, 0, 0, 47
42, 4, 63, 1:1, 917507:2293794, UNIT_ARCHER, UNIT_BARBARIAN_HORSE_ARCHER, 25, 10, 5, 3, 0, 68
42, 4, 63, 1:1, 458757:2293794, UNIT_SCOUT, UNIT_BARBARIAN_HORSE_ARCHER, 10, 10, 3, -4, 25, 41
42, 5, 63, 1:1, 786436:7536685, UNIT_WARRIOR, UNIT_WARRIOR, 20, 20, 12, -9, 13, 64
42, 7, 63, 1:1, 393219:7012401, UNIT_ARCHER, UNIT_SCOUT, 25, 10, 0, -6, 0, 68
42, 13, 63, 1:1, 327683:8257599, UNIT_ARCHER, UNIT_BARBARIAN_HORSE_ARCHER, 25, 10, -3, 3, 0, 39
42, 13, 63, 1:1, 393220:8257599, UNIT_ARCHER, UNIT_BARBARIAN_HORSE_ARCHER, 25, 10, -3, -1, 0, 54
42, 63, 5, 1:1, 7667783:1245194, UNIT_WARRIOR, UNIT_ARCHER, 20, 15, -3, 1, 32, 29
42, 63, 2, 1:1, 4915265:1048580, UNIT_WARRIOR, UNIT_ARCHER, 20, 15, -8, 11, 49, 20
42, 63, 13, 1:1, 8257599:327683, UNIT_BARBARIAN_HORSE_ARCHER, UNIT_ARCHER, 15, 15, -9, 0, 0, 17
42, 63, 2, 1:1, 7864380:917509, UNIT_WARRIOR, UNIT_ARCHER, 20, 15, -6, -3, 29, 35
42, 63, 4, 1:1, 4653118:458757, UNIT_BARBARIAN_HORSE_ARCHER, UNIT_SCOUT, 15, 10, 0, 6, 0, 24
42, 63, 0, 1:1, 4980802:1179660, UNIT_WARRIOR, UNIT_SCOUT, 20, 10, 0, 5, 25, 43
42, 63, 0, 1:1, 2031646:1179660, UNIT_WARRIOR, UNIT_SCOUT, 20, 10, 0, 1, 19, 44
42, 63, 1, 1:1, 4849728:458756, UNIT_BARBARIAN_HORSEMAN, UNIT_SCOUT, 20, 10, -5, 3, 28, 34
43, 2, 63, 1:1, 524294:7798858, UNIT_WARRIOR, UNIT_WARRIOR, 20, 20, 11, 5, 27, 37
43, 4, 63, 1:1, 917507:7471156, UNIT_ARCHER, UNIT_BARBARIAN_HORSEMAN, 25, 20, 5, 0, 0, 37
43, 4, 63, 1:1, 983048:4653118, UNIT_ARCHER, UNIT_BARBARIAN_HORSE_ARCHER, 25, 10, 5, 0, 0, 74
43, 4, 63, 1:1, 851970:4653118, UNIT_WARRIOR, UNIT_BARBARIAN_HORSE_ARCHER, 20, 10, 5, -7, 10, 62
43, 5, 63, 1:1, 786436:1900572, UNIT_WARRIOR, UNIT_SPEARMAN, 20, 25, 16, 3, 26, 43
43, 5, 63, 1:1, 1048583:7667783, UNIT_HEAVY_CHARIOT, UNIT_WARRIOR, 28, 20, 0, -6, 19, 51
43, 13, 63, 1:1, 393220:8257599, UNIT_ARCHER, UNIT_BARBARIAN_HORSE_ARCHER, 25, 10, -3, -6, 0, 62
43, 63, 0, 1:1, 2031646:1179660, UNIT_WARRIOR, UNIT_SCOUT, 20, 10, -2, 1, 25, 34
43, 63, 0, 1:1, 4980802:1179660, UNIT_WARRIOR, UNIT_SCOUT, 20, 10, -2, -2, 17, 48
44, 0, 63, 1:1, 393220:6225940, UNIT_WARRIOR, UNIT_WARRIOR, 20, 20, 12, 3, 20, 43
44, 2, 63, 1:1, 1048580:8519719, UNIT_ARCHER, UNIT_WARRIOR, 25, 20, 8, -2, 0, 57
44, 4, 63, 1:1, 917507:7471156, UNIT_ARCHER, UNIT_BARBARIAN_HORSEMAN, 25, 20, 5, -4, 0, 58
44, 5, 63, 1:1, 786436:1900572, UNIT_WARRIOR, UNIT_SPEARMAN, 20, 25, 13, -1, 21, 42
44, 12, 63, 1:1, 524294:1048591, UNIT_ARCHER, UNIT_SCOUT, 25, 10, 0, -6, 0, 65
44, 63, 4, 1:1, 7471156:458757, UNIT_BARBARIAN_HORSEMAN, UNIT_SCOUT, 20, 10, -9, 4, 29, 21
44, 63, 5, 1:1, 1900572:786436, UNIT_SPEARMAN, UNIT_WARRIOR, 25, 20, -8, 4, 47, 19
44, 63, 2, 1:1, 8060984:1048580, UNIT_WARRIOR, UNIT_ARCHER, 20, 15, 0, 14, 38, 17
44, 63, 0, 1:1, 7733294:786440, UNIT_WARRIOR, UNIT_WARRIOR, 20, 20, 0, 14, 45, 15
44, 63, 0, 1:1, 6225940:393220, UNIT_WARRIOR, UNIT_WARRIOR, 20, 20, -4, 9, 57, 18
45, 0, 63, 1:1, 786440:7733294, UNIT_WARRIOR, UNIT_WARRIOR, 20, 20, 5, -1, 28, 43
45, 3, 63, 1:1, 589824:5636168, UNIT_INDIAN_VARU, UNIT_WARRIOR, 40, 20, 5, -2, 9, 100
45, 3, 63, 1:1, 458757:393221, UNIT_INDIAN_VARU, UNIT_SCOUT, 40, 10, 5, -9, 5, 100
45, 63, 5, 1:1, 8781873:1310720, UNIT_WARRIOR, UNIT_SPEARMAN, 20, 25, 5, 5, 43, 20
45, 63, 2, 1:1, 8060984:1048580, UNIT_WARRIOR, UNIT_ARCHER, 20, 15, -4, 16, 53, 19
45, 63, 0, 1:1, 7733294:786440, UNIT_WARRIOR, UNIT_WARRIOR, 20, 20, -9, 8, 59, 14
46, 5, 63, 1:1, 1179657:8781873, UNIT_ARCHER, UNIT_WARRIOR, 25, 20, 5, -4, 0, 44
46, 5, 63, 1:1, 1310720:8781873, UNIT_SPEARMAN, UNIT_WARRIOR, 25, 20, 3, -4, 15, 41
46, 7, 63, 1:1, 393219:7143491, UNIT_ARCHER, UNIT_SCOUT, 25, 10, 0, 3, 0, 50
46, 7, 63, 1:1, 524293:7143491, UNIT_ARCHER, UNIT_SCOUT, 25, 10, 0, -2, 0, 60
46, 63, 4, 1:1, 4456470:458757, UNIT_BARBARIAN_HORSE_ARCHER, UNIT_SCOUT, 15, 10, -6, 5, 0, 19
47, 5, 63, 1:1, 1179657:9044030, UNIT_ARCHER, UNIT_SCOUT, 25, 10, 5, 0, 0, 68
47, 13, 63, 1:1, 327683:9109556, UNIT_ARCHER, UNIT_SCOUT, 25, 10, 0, 6, 0, 43
47, 63, 2, 1:1, 4587581:655360, UNIT_WARRIOR, UNIT_WARRIOR, 20, 20, -6, 5, 50, 21
48, 2, 63, 3:1, 65536:8716353, DISTRICT_CITY_CENTER, DISTRICT_CITY_CENTER, 25, 20, 0, 0, 0, 29
48, 4, 63, 1:1, 983048:4194361, UNIT_ARCHER, UNIT_BARBARIAN_HORSEMAN, 25, 20, 5, 0, 0, 50
48, 4, 63, 1:1, 1048576:4194361, UNIT_ARCHER, UNIT_BARBARIAN_HORSEMAN, 25, 20, 5, -5, 0, 57
48, 5, 63, 1:1, 589830:1114128, UNIT_WARRIOR, UNIT_SPEARMAN, 20, 25, 10, -2, 26, 38
48, 63, 6, 1:1, 8912967:131073, UNIT_BARBARIAN_HORSE_ARCHER, UNIT_WARRIOR, 15, 20, 0, 3, 0, 26
49, 2, 63, 1:1, 524294:8716353, UNIT_WARRIOR, UNIT_WARRIOR, 20, 20, 17, 0, 18, 46
49, 2, 63, 1:1, 786440:8716353, UNIT_SCOUT, UNIT_WARRIOR, 10, 20, 9, -4, 21, 38
49, 4, 63, 1:1, 1048576:7602251, UNIT_ARCHER, UNIT_BARBARIAN_HORSEMAN, 25, 20, 0, 0, 0, 36
49, 13, 63, 1:1, 393220:9109556, UNIT_ARCHER, UNIT_SCOUT, 25, 10, 5, -1, 0, 73
49, 63, 3, 1:1, 7208996:589824, UNIT_ARCHER, UNIT_INDIAN_VARU, 25, 40, -13, 7, 0, 7
49, 63, 2, 1:1, 720906:655360, UNIT_SPEARMAN, UNIT_WARRIOR, 25, 20, -5, 13, 44, 14
49, 63, 6, 1:1, 8912967:131073, UNIT_BARBARIAN_HORSE_ARCHER, UNIT_WARRIOR, 15, 20, 0, 5, 0, 18
49, 63, 4, 1:1, 9306184:917507, UNIT_HORSEMAN, UNIT_ARCHER, 36, 15, 0, 0, 11, 73
49, 63, 4, 1:1, 7602251:983048, UNIT_BARBARIAN_HORSEMAN, UNIT_ARCHER, 20, 15, -4, 5, 38, 23
50, 2, 63, 1:1, 524294:7798858, UNIT_WARRIOR, UNIT_WARRIOR, 20, 20, 15, -6, 15, 60
50, 3, 63, 1:1, 589824:7208996, UNIT_INDIAN_VARU, UNIT_ARCHER, 40, 15, -2, -13, 6, 100
50, 63, 11, 1:1, 6619178:524293, UNIT_ARCHER, UNIT_GALLEY, 25, 30, 0, 0, 0, 28
50, 63, 2, 1:1, 2883625:524294, UNIT_SLINGER, UNIT_WARRIOR, 15, 20, -8, 7, 0, 14
50, 63, 2, 1:1, 7864380:655360, UNIT_WARRIOR, UNIT_WARRIOR, 20, 20, -9, 4, 57, 21
50, 63, 6, 1:1, 8912967:131073, UNIT_BARBARIAN_HORSE_ARCHER, UNIT_WARRIOR, 15, 20, 0, 5, 0, 18
50, 63, 3, 1:1, 8585253:589824, UNIT_WARRIOR, UNIT_INDIAN_VARU, 20, 40, -5, -2, 78, 11
50, 63, 3, 1:1, 9764884:589824, UNIT_WARRIOR, UNIT_INDIAN_VARU, 20, 40, -5, -3, 82, 12
50, 63, 4, 1:1, 9306184:917507, UNIT_HORSEMAN, UNIT_ARCHER, 36, 15, -1, -2, 14, 59
51, 0, 63, 1:1, 720898:9240625, UNIT_WARRIOR, UNIT_WARRIOR, 20, 20, 5, 5, 35, 30
51, 0, 63, 1:1, 720898:9240625, UNIT_WARRIOR, UNIT_WARRIOR, 20, 20, 4, 2, 30, 32
51, 0, 63, 1:1, 983050:9240625, UNIT_WARRIOR, UNIT_WARRIOR, 20, 20, 9, -6, 13, 56
51, 3, 63, 1:1, 589824:9764884, UNIT_INDIAN_VARU, UNIT_WARRIOR, 40, 20, -4, -13, 9, 100
51, 63, 11, 1:1, 9568272:458755, UNIT_GALLEY, UNIT_GALLEY, 30, 30, 0, 0, 31, 27
51, 63, 3, 1:1, 8585253:589824, UNIT_WARRIOR, UNIT_INDIAN_VARU, 20, 40, -13, -5, 87, 12
52, 1, 63, 1:1, 458756:8454203, UNIT_SCOUT, UNIT_WARRIOR, 10, 20, -2, 3, 54, 17
52, 2, 63, 1:1, 786440:2883625, UNIT_SCOUT, UNIT_SLINGER, 10, 5, 10, -8, 13, 77
52, 2, 63, 1:1, 655360:10092618, UNIT_WARRIOR, UNIT_WARRIOR, 20, 20, 16, 0, 14, 55
52, 63, 1, 1:1, 8454203:458756, UNIT_WARRIOR, UNIT_SCOUT, 20, 10, -2, -7, 18, 48
52, 63, 9, 1:1, 1572887:131073, UNIT_SCOUT, UNIT_WARRIOR, 10, 20, 0, 0, 49, 17
52, 63, 11, 1:1, 9568272:458755, UNIT_GALLEY, UNIT_GALLEY, 30, 30, -3, -3, 31, 32
52, 63, 2, 1:1, 10092618:655360, UNIT_WARRIOR, UNIT_WARRIOR, 20, 20, -5, 7, 44, 19
52, 63, 0, 1:1, 8847405:786440, UNIT_ARCHER, UNIT_WARRIOR, 25, 20, 0, 11, 0, 25
53, 0, 63, 1:1, 393220:6946867, UNIT_WARRIOR, UNIT_WARRIOR, 20, 20, 14, 3, 21, 49
53, 1, 63, 1:1, 1048578:8912967, UNIT_SPEARMAN, UNIT_BARBARIAN_HORSE_ARCHER, 25, 10, 10, 0, 10, 90
53, 2, 63, 1:1, 786440:9437230, UNIT_SCOUT, UNIT_SCOUT, 10, 10, 8, 3, 20, 41
53, 4, 63, 1:1, 458757:9306184, UNIT_SCOUT, UNIT_HORSEMAN, 10, 36, -3, 3, 93, 8
53, 63, 3, 1:1, 65536:458757, UNIT_SPEARMAN, UNIT_INDIAN_VARU, 25, 40, 5, 3, 42, 21
53, 63, 3, 1:1, 5832758:458757, UNIT_BARBARIAN_HORSEMAN, UNIT_INDIAN_VARU, 20, 40, -7, 0, 98, 10
53, 63, 0, 1:1, 8847405:786440, UNIT_ARCHER, UNIT_WARRIOR, 25, 20, 0, 11, 0, 19
53, 63, 0, 1:1, 6946867:393220, UNIT_WARRIOR, UNIT_WARRIOR, 20, 20, -5, 9, 48, 20
54, 0, 63, 1:1, 393220:6946867, UNIT_WARRIOR, UNIT_WARRIOR, 20, 20, 11, -7, 17, 66
54, 0, 63, 1:1, 851977:8323130, UNIT_WARRIOR, UNIT_SCOUT, 20, 10, 7, 0, 16, 66
54, 0, 63, 1:1, 851977:8323130, UNIT_WARRIOR, UNIT_SCOUT, 20, 10, 5, -7, 10, 68
54, 0, 63, 1:1, 983050:262147, UNIT_WARRIOR, UNIT_SCOUT, 20, 10, 5, -1, 17, 49
54, 2, 63, 1:1, 1048580:10092618, UNIT_ARCHER, UNIT_WARRIOR, 25, 20, 15, -10, 0, 77
54, 3, 63, 1:1, 589824:1310739, UNIT_INDIAN_VARU, UNIT_SCOUT, 40, 10, 4, -11, 4, 100
54, 63, 11, 1:1, 6619178:524293, UNIT_ARCHER, UNIT_GALLEY, 25, 30, 0, -3, 0, 22
54, 63, 6, 1:1, 8912967:131073, UNIT_BARBARIAN_HORSE_ARCHER, UNIT_WARRIOR, 15, 20, -9, 0, 0, 15
54, 63, 0, 1:1, 8847405:393220, UNIT_ARCHER, UNIT_WARRIOR, 25, 20, 0, 9, 0, 21
54, 63, 4, 1:1, 9306184:983048, UNIT_HORSEMAN, UNIT_ARCHER, 36, 15, -3, 0, 16, 54
55, 3, 63, 1:1, 589824:1245202, UNIT_INDIAN_VARU, UNIT_SPEARMAN, 40, 25, 14, 11, 12, 67
55, 4, 63, 1:1, 917507:9306184, UNIT_ARCHER, UNIT_HORSEMAN, 25, 36, 3, -5, 0, 30
55, 4, 63, 1:1, 1048576:9371709, UNIT_ARCHER, UNIT_BARBARIAN_HORSE_ARCHER, 25, 10, 0, 0, 0, 52
55, 4, 63, 1:1, 393220:9371709, UNIT_SCOUT, UNIT_BARBARIAN_HORSE_ARCHER, 10, 10, -3, -5, 28, 36
55, 63, 11, 1:1, 9568272:458755, UNIT_GALLEY, UNIT_GALLEY, 30, 30, -6, -6, 34, 27
55, 63, 0, 1:1, 8847405:393220, UNIT_ARCHER, UNIT_WARRIOR, 25, 20, 0, 8, 0, 26
55, 63, 0, 1:1, 10289206:851977, UNIT_WARRIOR, UNIT_WARRIOR, 20, 20, 0, 8, 40, 18
55, 63, 0, 1:1, 10027042:393220, UNIT_ARCHER, UNIT_WARRIOR, 25, 20, 0, 6, 0, 26
55, 63, 4, 1:1, 9306184:983048, UNIT_HORSEMAN, UNIT_ARCHER, 36, 15, -8, -5, 15, 54
55, 63, 1, 1:1, 9633797:131073, UNIT_WARRIOR, UNIT_WARRIOR, 20, 20, 0, 5, 34, 28
56, 0, 63, 1:1, 851977:10289206, UNIT_WARRIOR, UNIT_WARRIOR, 20, 20, 2, -4, 19, 36
56, 1, 63, 1:1, 131073:9633797, UNIT_WARRIOR, UNIT_WARRIOR, 20, 20, -3, 5, 36, 23
56, 2, 63, 3:1, 65536:2555942, DISTRICT_CITY_CENTER, DISTRICT_CITY_CENTER, 25, 20, 0, 3, 0, 26
56, 3, 63, 1:1, 589824:1245202, UNIT_INDIAN_VARU, UNIT_SPEARMAN, 40, 25, 13, 4, 11, 60
56, 4, 63, 1:1, 1048576:9371709, UNIT_ARCHER, UNIT_BARBARIAN_HORSE_ARCHER, 25, 10, 0, -9, 0, 63
56, 63, 0, 1:1, 8847405:786440, UNIT_ARCHER, UNIT_WARRIOR, 25, 20, 0, 11, 0, 26
56, 63, 0, 1:1, 10289206:851977, UNIT_WARRIOR, UNIT_WARRIOR, 20, 20, -8, 0, 36, 25
56, 63, 0, 1:1, 196610:851977, UNIT_SPEARMAN, UNIT_WARRIOR, 25, 20, -2, 2, 29, 30
57, 1, 63, 1:1, 1048578:8454203, UNIT_SPEARMAN, UNIT_WARRIOR, 25, 20, -1, 10, 31, 24
57, 2, 63, 1:1, 524294:8060984, UNIT_WARRIOR, UNIT_WARRIOR, 20, 20, 17, -9, 13, 80
57, 2, 63, 3:1, 65536:2555942, DISTRICT_CITY_CENTER, DISTRICT_CITY_CENTER, 25, 20, 0, 0, 0, 29
57, 63, 6, 1:1, 8912967:131073, UNIT_BARBARIAN_HORSE_ARCHER, UNIT_WARRIOR, 15, 20, -9, 0, 0, 19
57, 63, 0, 1:1, 196610:1638416, UNIT_SPEARMAN, UNIT_SLINGER, 25, 5, -5, 7, 23, 44
58, 0, 63, 1:1, 720898:196610, UNIT_WARRIOR, UNIT_SPEARMAN, 20, 25, 12, -2, 23, 48
58, 63, 6, 1:1, 8912967:131073, UNIT_BARBARIAN_HORSE_ARCHER, UNIT_WARRIOR, 15, 20, -9, 1, 0, 15
58, 63, 6, 1:1, 10354762:131073, UNIT_BARBARIAN_HORSE_ARCHER, UNIT_WARRIOR, 15, 20, 0, 0, 0, 26
58, 63, 0, 1:1, 8847405:786440, UNIT_ARCHER, UNIT_WARRIOR, 25, 20, 0, 11, 0, 28
59, 6, 63, 1:1, 524290:9175107, UNIT_HEAVY_CHARIOT, UNIT_SCOUT, 28, 10, 0, 0, 17, 69
59, 63, 9, 1:1, 1572887:196610, UNIT_SCOUT, UNIT_WARRIOR, 10, 20, -5, 0, 46, 15
59, 63, 2, 1:1, 2555942:524294, UNIT_WARRIOR, UNIT_WARRIOR, 20, 20, -5, 12, 66, 18
59, 63, 3, 1:1, 65536:458757, UNIT_SPEARMAN, UNIT_INDIAN_VARU, 25, 40, 1, 4, 64, 16
59, 63, 0, 1:1, 8847405:786440, UNIT_ARCHER, UNIT_WARRIOR, 25, 20, 0, 9, 0, 29
59, 63, 0, 1:1, 10027042:786440, UNIT_ARCHER, UNIT_WARRIOR, 25, 20, 0, 6, 0, 26
60, 1, 63, 1:1, 131073:7405641, UNIT_WARRIOR, UNIT_WARRIOR, 20, 20, 7, 3, 26, 38
60, 1, 63, 3:1, 65536:7405641, DISTRICT_CITY_CENTER, DISTRICT_CITY_CENTER, 25, 20, 0, -5, 0, 51
60, 2, 63, 1:1, 524294:8519719, UNIT_WARRIOR, UNIT_WARRIOR, 20, 20, 14, -3, 15, 53
60, 63, 3, 1:1, 10354762:458757, UNIT_BARBARIAN_HORSE_ARCHER, UNIT_INDIAN_VARU, 15, 40, -5, 6, 0, 7
60, 63, 2, 1:1, 7929904:524294, UNIT_WARRIOR, UNIT_WARRIOR, 20, 20, 0, 8, 49, 23
60, 63, 0, 1:1, 8847405:786440, UNIT_ARCHER, UNIT_WARRIOR, 25, 20, 0, 5, 0, 28
60, 63, 0, 1:1, 10027042:786440, UNIT_ARCHER, UNIT_WARRIOR, 25, 20, 0, 2, 0, 27
60, 63, 0, 1:1, 8126534:1638416, UNIT_WARRIOR, UNIT_SLINGER, 20, 5, 0, 5, 23, 40
61, 0, 63, 1:1, 720898:8126534, UNIT_WARRIOR, UNIT_WARRIOR, 20, 20, 14, -2, 17, 58
61, 0, 63, 1:1, 1638416:8126534, UNIT_SLINGER, UNIT_WARRIOR, 15, 20, 0, -8, 0, 39
61, 2, 63, 1:1, 524294:7929904, UNIT_WARRIOR, UNIT_WARRIOR, 20, 20, 10, -2, 21, 50
61, 3, 63, 1:1, 458757:10354762, UNIT_INDIAN_VARU, UNIT_BARBARIAN_HORSE_ARCHER, 40, 10, 2, -2, 8, 95
61, 4, 63, 1:1, 917507:9306184, UNIT_ARCHER, UNIT_HORSEMAN, 25, 36, 4, -6, 0, 31
61, 7, 63, 1:1, 524293:10682386, UNIT_ARCHER, UNIT_GALLEY, 25, 30, 0, 0, 0, 25
61, 63, 3, 1:1, 10354762:458757, UNIT_BARBARIAN_HORSE_ARCHER, UNIT_INDIAN_VARU, 15, 40, -14, 4, 0, 5
61, 63, 2, 1:1, 8192069:524294, UNIT_WARRIOR, UNIT_WARRIOR, 20, 20, 6, 4, 23, 33
61, 63, 0, 1:1, 8847405:131073, UNIT_ARCHER, UNIT_WARRIOR, 25, 20, 0, 8, 0, 30
61, 63, 0, 1:1, 10027042:131073, UNIT_ARCHER, UNIT_WARRIOR, 25, 20, 0, 5, 0, 35
62, 4, 63, 1:1, 917507:10813491, UNIT_ARCHER, UNIT_HORSEMAN, 25, 36, 4, 0, 0, 22
62, 4, 63, 1:1, 393220:10813491, UNIT_SCOUT, UNIT_HORSEMAN, 10, 36, -3, -2, 82, 9
62, 63, 3, 1:3, 10354762:196610, UNIT_BARBARIAN_HORSE_ARCHER, UNKNOWN, 15, 30, -26, 0, 0, 5
62, 63, 0, 1:1, 8847405:131073, UNIT_ARCHER, UNIT_WARRIOR, 25, 20, 0, 6, 0, 32
62, 63, 0, 1:1, 10027042:131073, UNIT_ARCHER, UNIT_WARRIOR, 25, 20, 0, 2, 0, 32
63, 0, 63, 1:1, 917504:10878995, UNIT_WARRIOR, UNIT_SCOUT, 20, 10, 5, 2, 16, 45
63, 0, 63, 1:1, 589830:10878995, UNIT_WARRIOR, UNIT_SCOUT, 20, 10, 7, -2, 12, 51
63, 2, 63, 1:1, 589826:10485821, UNIT_SPEARMAN, UNIT_WARRIOR, 25, 20, 10, 9, 20, 32
63, 12, 63, 1:1, 524294:9633797, UNIT_ARCHER, UNIT_WARRIOR, 25, 20, 0, 0, 0, 37
63, 63, 3, 1:1, 9175107:589824, UNIT_SCOUT, UNIT_INDIAN_VARU, 10, 40, -12, 4, 100, 5
63, 63, 3, 1:3, 8912967:196610, UNIT_BARBARIAN_HORSE_ARCHER, UNKNOWN, 15, 30, -26, 0, 0, 5
63, 63, 0, 1:1, 8847405:589830, UNIT_ARCHER, UNIT_WARRIOR, 25, 20, 0, 4, 0, 26
63, 63, 0, 1:1, 10027042:589830, UNIT_ARCHER, UNIT_WARRIOR, 25, 20, 0, 1, 0, 35
64, 0, 63, 1:1, 589830:10878995, UNIT_WARRIOR, UNIT_SCOUT, 20, 10, 3, -3, 14, 63
64, 0, 63, 1:1, 983050:10551350, UNIT_WARRIOR, UNIT_WARRIOR, 20, 20, 5, 5, 27, 27
64, 1, 63, 1:1, 131073:10420282, UNIT_WARRIOR, UNIT_WARRIOR, 20, 20, 7, 7, 29, 24
64, 2, 63, 1:1, 1048580:7929904, UNIT_ARCHER, UNIT_WARRIOR, 25, 20, 15, -4, 0, 81
64, 2, 63, 1:1, 589826:8192069, UNIT_SPEARMAN, UNIT_WARRIOR, 25, 20, 8, 13, 26, 26
64, 4, 63, 1:1, 1048576:10813491, UNIT_ARCHER, UNIT_HORSEMAN, 25, 36, 0, -5, 0, 24
64, 7, 63, 1:1, 524293:10223676, UNIT_ARCHER, UNIT_GALLEY, 25, 30, 0, 0, 0, 23
64, 7, 63, 1:1, 589830:10223676, UNIT_ARCHER, UNIT_GALLEY, 25, 30, 0, -2, 0, 30
64, 63, 3, 1:3, 8912967:196610, UNIT_BARBARIAN_HORSE_ARCHER, UNKNOWN, 15, 30, -26, 0, 0, 5
64, 63, 3, 1:3, 10354762:196610, UNIT_BARBARIAN_HORSE_ARCHER, UNKNOWN, 15, 30, -21, 0, 0, 7
64, 63, 11, 1:1, 10223676:458755, UNIT_GALLEY, UNIT_GALLEY, 30, 30, -5, -9, 22, 40
64, 63, 2, 1:1, 8192069:131073, UNIT_WARRIOR, UNIT_WARRIOR, 20, 20, -3, 13, 54, 16
64, 63, 0, 1:1, 8847405:589830, UNIT_ARCHER, UNIT_WARRIOR, 25, 20, 0, 0, 0, 38
65, 0, 63, 1:1, 983050:10551350, UNIT_WARRIOR, UNIT_WARRIOR, 20, 20, 3, 5, 31, 32
65, 1, 63, 1:1, 131073:8454203, UNIT_WARRIOR, UNIT_WARRIOR, 20, 20, 4, 1, 22, 33
65, 1, 63, 3:1, 65536:10420282, DISTRICT_CITY_CENTER, DISTRICT_CITY_CENTER, 25, 20, 0, 1, 0, 35
65, 2, 63, 1:1, 131073:10485821, UNIT_WARRIOR, UNIT_WARRIOR, 20, 20, 15, 2, 20, 54
65, 7, 63, 1:1, 524293:10223676, UNIT_ARCHER, UNIT_GALLEY, 25, 30, 0, -7, 0, 37
65, 7, 63, 1:1, 589830:10682386, UNIT_ARCHER, UNIT_GALLEY, 25, 30, 0, -2, 0, 29
65, 63, 3, 1:3, 8912967:196610, UNIT_BARBARIAN_HORSE_ARCHER, UNKNOWN, 15, 30, -26, 0, 0, 5
65, 63, 3, 1:3, 10354762:196610, UNIT_BARBARIAN_HORSE_ARCHER, UNKNOWN, 15, 30, -21, 0, 0, 8
65, 63, 2, 1:1, 9895988:131073, UNIT_WARRIOR, UNIT_WARRIOR, 20, 20, 2, 9, 47, 18
65, 63, 2, 1:1, 10485821:131073, UNIT_WARRIOR, UNIT_WARRIOR, 20, 20, -7, 8, 61, 17
65, 63, 0, 1:1, 8847405:917504, UNIT_ARCHER, UNIT_WARRIOR, 25, 20, 0, 11, 0, 24
65, 63, 0, 1:1, 10027042:917504, UNIT_ARCHER, UNIT_WARRIOR, 25, 20, 0, 9, 0, 29
66, 1, 63, 3:1, 65536:10420282, DISTRICT_CITY_CENTER, DISTRICT_CITY_CENTER, 25, 20, 0, -3, 0, 42
66, 3, 63, 1:1, 720902:8912967, UNIT_SCOUT, UNIT_BARBARIAN_HORSE_ARCHER, 10, 10, 5, -7, 21, 54
66, 7, 63, 1:1, 524293:11206695, UNIT_ARCHER, UNIT_GALLEY, 25, 30, 0, 0, 0, 23
66, 7, 63, 1:1, 589830:11206695, UNIT_ARCHER, UNIT_GALLEY, 25, 30, 0, -2, 0, 29
66, 63, 3, 1:1, 10354762:720902, UNIT_BARBARIAN_HORSE_ARCHER, UNIT_SCOUT, 15, 10, -4, 3, 0, 26
66, 63, 4, 1:1, 10944550:917507, UNIT_HORSEMAN, UNIT_ARCHER, 36, 15, 0, -1, 11, 57
66, 63, 2, 1:1, 11337795:786440, UNIT_ARCHER, UNIT_SCOUT, 25, 10, 0, 10, 0, 34
66, 63, 2, 1:1, 9895988:655360, UNIT_WARRIOR, UNIT_WARRIOR, 20, 20, -5, 16, 58, 15
66, 63, 0, 1:1, 8847405:917504, UNIT_ARCHER, UNIT_WARRIOR, 25, 20, 0, 7, 0, 33
66, 63, 0, 1:1, 10027042:917504, UNIT_ARCHER, UNIT_WARRIOR, 25, 20, 0, 3, 0, 25
66, 63, 5, 1:1, 6619178:1441804, UNIT_ARCHER, UNIT_SCOUT, 25, 10, 0, 3, 0, 48
66, 63, 1, 1:1, 11141193:131073, UNIT_ARCHER, UNIT_WARRIOR, 25, 20, 0, -5, 0, 38
67, 0, 63, 1:1, 983050:10551350, UNIT_WARRIOR, UNIT_WARRIOR, 20, 20, 12, -1, 17, 51
67, 3, 63, 1:1, 589824:10354762, UNIT_INDIAN_VARU, UNIT_BARBARIAN_HORSE_ARCHER, 40, 10, 3, -14, 5, 100
67, 4, 63, 1:1, 1048576:10813491, UNIT_ARCHER, UNIT_HORSEMAN, 25, 36, 0, -7, 0, 30
67, 7, 63, 1:1, 589830:10682386, UNIT_ARCHER, UNIT_GALLEY, 25, 30, 0, -5, 0, 28
67, 63, 0, 1:1, 8847405:983050, UNIT_ARCHER, UNIT_WARRIOR, 25, 20, 0, 6, 0, 33
67, 63, 0, 1:1, 10027042:1638416, UNIT_ARCHER, UNIT_SLINGER, 25, 5, 0, 11, 0, 43
68, 1, 63, 3:1, 65536:11141193, DISTRICT_CITY_CENTER, DISTRICT_CITY_CENTER, 25, 15, 0, 3, 0, 43
68, 4, 63, 1:1, 1048576:10813491, UNIT_ARCHER, UNIT_HORSEMAN, 25, 36, 0, -8, 0, 22
68, 63, 9, 1:1, 1572887:458755, UNIT_SCOUT, UNIT_SWORDSMAN, 10, 35, -4, 0, 91, 8
68, 63, 2, 1:1, 11337795:655360, UNIT_ARCHER, UNIT_WARRIOR, 25, 20, 0, 12, 0, 24
68, 63, 0, 1:1, 8847405:983050, UNIT_ARCHER, UNIT_WARRIOR, 25, 20, 0, 10, 0, 29
68, 63, 0, 1:1, 10027042:1638416, UNIT_ARCHER, UNIT_SLINGER, 25, 5, 0, 8, 0, 55
69, 2, 63, 1:1, 655360:11337795, UNIT_WARRIOR, UNIT_ARCHER, 20, 15, 13, 5, 20, 55
69, 4, 63, 1:1, 851970:10944550, UNIT_WARRIOR, UNIT_HORSEMAN, 20, 36, 2, 0, 43, 17
69, 12, 63, 1:1, 458757:9830465, UNIT_ARCHER, UNIT_SCOUT, 25, 10, 0, 3, 0, 38
69, 63, 1, 1:3, 11141193:65536, UNIT_ARCHER, UNKNOWN, 25, 15, -21, 10, 0, 1
69, 63, 0, 1:1, 10027042:1638416, UNIT_ARCHER, UNIT_SLINGER, 25, 5, 0, 3, 0, 50
70, 1, 63, 1:1, 131073:11141193, UNIT_WARRIOR, UNIT_ARCHER, 20, 15, 4, -4, 14, 44
70, 1, 63, 3:1, 65536:11141193, DISTRICT_CITY_CENTER, DISTRICT_CITY_CENTER, 25, 15, -1, -9, 0, 67
70, 14, 63, 1:1, 327683:11206695, UNIT_GALLEY, UNIT_GALLEY, 30, 30, 0, -5, 24, 41
70, 63, 0, 1:1, 10027042:983050, UNIT_ARCHER, UNIT_WARRIOR, 25, 20, 0, 10, 0, 24
71, 2, 63, 1:1, 589826:9437230, UNIT_SPEARMAN, UNIT_SCOUT, 25, 10, 5, -1, 11, 55
71, 4, 63, 1:1, 1048576:10944550, UNIT_ARCHER, UNIT_HORSEMAN, 25, 36, 0, -2, 0, 19
71, 4, 63, 1:1, 851970:10944550, UNIT_WARRIOR, UNIT_HORSEMAN, 20, 36, 2, -4, 38, 17
71, 12, 63, 1:1, 458757:9830465, UNIT_ARCHER, UNIT_SCOUT, 25, 10, 0, -1, 0, 61
71, 12, 63, 1:1, 524294:9830465, UNIT_ARCHER, UNIT_SCOUT, 25, 10, 0, -7, 0, 75
71, 14, 63, 1:1, 327683:11599946, UNIT_GALLEY, UNIT_QUADRIREME, 30, 20, -2, 0, 18, 34
71, 63, 2, 1:1, 11337795:786440, UNIT_ARCHER, UNIT_SCOUT, 25, 10, -5, 7, 0, 29
71, 63, 2, 1:1, 8388661:786440, UNIT_WARRIOR, UNIT_SCOUT, 20, 10, 2, 4, 22, 37
71, 63, 0, 1:1, 8847405:983050, UNIT_ARCHER, UNIT_WARRIOR, 25, 20, 0, 9, 0, 28
71, 63, 0, 1:1, 10027042:983050, UNIT_ARCHER, UNIT_WARRIOR, 25, 20, 0, 6, 0, 26
72, 2, 63, 1:1, 851977:11534405, UNIT_ARCHER, UNIT_WARRIOR, 25, 20, 15, 0, 0, 66
72, 14, 63, 1:1, 327683:11206695, UNIT_GALLEY, UNIT_GALLEY, 30, 30, -4, -9, 28, 43
72, 63, 14, 1:1, 10682386:327683, UNIT_GALLEY, UNIT_GALLEY, 30, 30, -6, -7, 23, 29
73, 0, 63, 1:1, 720898:11665459, UNIT_WARRIOR, UNIT_SCOUT, 20, 10, 5, 2, 20, 52
73, 2, 63, 1:1, 851977:11534405, UNIT_ARCHER, UNIT_WARRIOR, 25, 20, 15, -4, 0, 83
73, 2, 63, 1:1, 589826:11337795, UNIT_SPEARMAN, UNIT_ARCHER, 25, 15, 10, 0, 12, 64
73, 4, 63, 1:1, 1048576:10944550, UNIT_ARCHER, UNIT_HORSEMAN, 25, 36, 5, -5, 0, 32
73, 14, 63, 3:1, 65536:11599946, DISTRICT_CITY_CENTER, DISTRICT_CITY_CENTER, 3, 20, 0, -3, 0, 15
73, 63, 2, 1:1, 11731017:589826, UNIT_ARCHER, UNIT_SPEARMAN, 25, 25, 0, 12, 0, 16
73, 63, 0, 1:1, 8847405:720898, UNIT_ARCHER, UNIT_WARRIOR, 25, 20, 0, 3, 0, 37
73, 63, 0, 1:1, 10027042:720898, UNIT_ARCHER, UNIT_WARRIOR, 25, 20, 0, -1, 0, 37
74, 2, 63, 1:1, 589826:11731017, UNIT_SPEARMAN, UNIT_ARCHER, 25, 15, 7, 2, 19, 43
74, 4, 63, 1:1, 1048576:10944550, UNIT_ARCHER, UNIT_HORSEMAN, 25, 36, 5, -8, 0, 33
74, 63, 2, 1:1, 11731017:589826, UNIT_ARCHER, UNIT_SPEARMAN, 25, 25, -4, 8, 0, 16
74, 63, 2, 1:1, 8388661:589826, UNIT_WARRIOR, UNIT_SPEARMAN, 20, 25, 5, 7, 34, 18
74, 63, 0, 1:1, 10027042:720898, UNIT_ARCHER, UNIT_WARRIOR, 25, 20, 0, 3, 0, 34
75, 4, 63, 1:1, 1048576:11796503, UNIT_ARCHER, UNIT_HORSEMAN, 25, 36, 5, 0, 0, 22
75, 7, 63, 1:1, 589830:12058663, UNIT_ARCHER, UNIT_GALLEY, 25, 30, 0, 0, 0, 23
75, 63, 12, 1:1, 11927617:458757, UNIT_HORSEMAN, UNIT_ARCHER, 36, 15, 0, 6, 19, 50
75, 63, 7, 1:1, 11599946:589830, UNIT_QUADRIREME, UNIT_ARCHER, 25, 15, -5, 0, 0, 34
75, 63, 14, 1:1, 9568272:327683, UNIT_GALLEY, UNIT_GALLEY, 30, 30, -10, 2, 39, 19
76, 2, 63, 1:1, 851977:11993142, UNIT_ARCHER, UNIT_MAN_AT_ARMS, 25, 45, 15, 0, 0, 25
76, 4, 63, 1:1, 1048576:11796503, UNIT_ARCHER, UNIT_HORSEMAN, 25, 36, 5, -2, 0, 30
76, 4, 63, 1:1, 1310725:11796503, UNIT_SPEARMAN, UNIT_HORSEMAN, 25, 36, 15, -5, 23, 47
76, 7, 63, 1:1, 524293:11599946, UNIT_ARCHER, UNIT_QUADRIREME, 25, 20, 0, -5, 0, 38
76, 12, 63, 1:1, 458757:11927617, UNIT_ARCHER, UNIT_HORSEMAN, 25, 36, -5, -2, 0, 16
76, 63, 12, 1:1, 11927617:458757, UNIT_HORSEMAN, UNIT_ARCHER, 36, 15, -3, 1, 17, 55
76, 63, 2, 1:1, 11731017:589826, UNIT_ARCHER, UNIT_SPEARMAN, 25, 25, -4, 2, 0, 19
76, 63, 2, 1:1, 11993142:851977, UNIT_MAN_AT_ARMS, UNIT_ARCHER, 45, 15, -2, 13, 14, 42
76, 63, 8, 1:1, 6619178:131073, UNIT_ARCHER, UNIT_WARRIOR, 25, 15, 0, 0, 0, 40
77, 1, 63, 3:1, 65536:8454203, DISTRICT_CITY_CENTER, DISTRICT_CITY_CENTER, 25, 20, 0, -9, 0, 52
77, 2, 63, 1:1, 851977:11993142, UNIT_ARCHER, UNIT_MAN_AT_ARMS, 25, 45, 11, -4, 0, 28
77, 4, 63, 1:1, 1048576:11796503, UNIT_ARCHER, UNIT_HORSEMAN, 25, 36, 5, -5, 0, 23
77, 63, 2, 1:1, 11993142:851977, UNIT_MAN_AT_ARMS, UNIT_ARCHER, 45, 15, -7, 6, 17, 55
77, 63, 8, 1:1, 7995436:131073, UNIT_WARRIOR, UNIT_WARRIOR, 20, 20, 4, -4, 25, 37
78, 0, 63, 1:1, 1572879:8847405, UNIT_SLINGER, UNIT_ARCHER, 15, 15, 5, -2, 0, 38
78, 2, 63, 3:1, 65536:11731017, DISTRICT_CITY_CENTER, DISTRICT_CITY_CENTER, 25, 15, 0, -4, 0, 52
