Game Turn, Player, Action, Tech, Score
1, 0, Tech, TECH_POTTERY, 90.9, 
1, 0, Tech, TECH_ANIMAL_HUSBANDRY, 82.6, 
1, 0, Tech, TECH_MINING, 82.6, 
1, 0, Tech, TECH_SAILING, 84.7, RESEARCHING
1, 0, Tech, TECH_ASTROLOGY, 143.7, 
1, 0, Tech, TECH_IRRIGATION, 154.8, 
1, 0, Tech, TECH_ARCHERY, 135.9, 
1, 0, Tech, TECH_WRITING, 192.0, 
1, 0, Tech, TECH_MASONRY, 132.1, 
1, 0, Tech, TECH_BRONZE_WORKING, 232.5, 
1, 0, Tech, TECH_THE_WHEEL, 124.5, 
1, 0, Tech, TECH_CELESTIAL_NAVIGATION, 247.5, 
1, 0, Tech, TECH_CURRENCY, 213.1, 
1, 0, Tech, TECH_HORSEBACK_RIDING, 148.1, 
1, 0, Tech, TECH_IRON_WORKING, 137.1, 
1, 0, Tech, TECH_SHIPBUILDING, 92.0, 
1, 0, Tech, TECH_ENGINEERING, -9874.5, 
1, 0, Tech, TECH_CARTOGRAPHY, -9907.0, 
1, 1, Tech, TECH_POTTERY, 66.3, RESEARCHING
1, 1, Tech, TECH_ANIMAL_HUSBANDRY, 60.3, 
1, 1, Tech, TECH_MINING, 60.3, 
1, 1, Tech, TECH_SAILING, 32.3, 
1, 1, Tech, TECH_ASTROLOGY, 84.8, 
1, 1, Tech, TECH_IRRIGATION, 116.7, GOAL
1, 1, Tech, TECH_ARCHERY, 69.8, 
1, 1, Tech, TECH_WRITING, 84.5, 
1, 1, Tech, TECH_MASONRY, -9938.8, BOOSTED
1, 1, Tech, TECH_BRONZE_WORKING, -9938.8, 
1, 1, Tech, TECH_THE_WHEEL, -9938.8, 
1, 1, Tech, TECH_CELESTIAL_NAVIGATION, -9910.2, 
1, 1, Tech, TECH_CURRENCY, -9914.5, 
1, 1, Tech, TECH_HORSEBACK_RIDING, -14893.8, 
1, 1, Tech, TECH_IRON_WORKING, -9938.8, 
1, 1, Tech, TECH_SHIPBUILDING, -9966.7, 
1, 1, Tech, TECH_ENGINEERING, -9938.8, 
1, 1, Tech, TECH_CARTOGRAPHY, -9966.7, 
1, 2, Tech, TECH_POTTERY, 66.3, RESEARCHING
1, 2, Tech, TECH_ANIMAL_HUSBANDRY, 60.3, 
1, 2, Tech, TECH_MINING, 60.3, 
1, 2, Tech, TECH_SAILING, 32.3, 
1, 2, Tech, TECH_ASTROLOGY, 56.5, 
1, 2, Tech, TECH_IRRIGATION, 77.8, BOOSTED
1, 2, Tech, TECH_ARCHERY, 69.8, 
1, 2, Tech, TECH_WRITING, 84.5, GOAL
1, 2, Tech, TECH_MASONRY, -9938.8, 
1, 2, Tech, TECH_BRONZE_WORKING, -9938.8, 
1, 2, Tech, TECH_THE_WHEEL, -9938.8, 
1, 2, Tech, TECH_CELESTIAL_NAVIGATION, -9910.2, 
1, 2, Tech, TECH_CURRENCY, -9914.5, 
1, 2, Tech, TECH_HORSEBACK_RIDING, -9929.2, 
1, 2, Tech, TECH_IRON_WORKING, -9938.8, 
1, 2, Tech, TECH_SHIPBUILDING, -9966.7, 
1, 2, Tech, TECH_ENGINEERING, -9938.8, 
1, 2, Tech, TECH_CARTOGRAPHY, -9966.7, 
1, 3, Tech, TECH_POTTERY, 66.3, 
1, 3, Tech, TECH_ANIMAL_HUSBANDRY, 90.4, RESEARCHING
1, 3, Tech, TECH_MINING, 60.3, 
1, 3, Tech, TECH_SAILING, 32.3, 
1, 3, Tech, TECH_ASTROLOGY, 56.5, 
1, 3, Tech, TECH_IRRIGATION, 77.8, 
1, 3, Tech, TECH_ARCHERY, 69.8, 
1, 3, Tech, TECH_WRITING, 84.5, BOOSTED
1, 3, Tech, TECH_MASONRY, -9938.8, 
1, 3, Tech, TECH_BRONZE_WORKING, -9938.8, 
1, 3, Tech, TECH_THE_WHEEL, -9938.8, 
1, 3, Tech, TECH_CELESTIAL_NAVIGATION, -9910.2, 
1, 3, Tech, TECH_CURRENCY, -9914.5, 
1, 3, Tech, TECH_HORSEBACK_RIDING, -9929.2, 
1, 3, Tech, TECH_IRON_WORKING, -14908.1, 
1, 3, Tech, TECH_SHIPBUILDING, -9966.7, 
1, 3, Tech, TECH_ENGINEERING, -14908.1, 
1, 3, Tech, TECH_CARTOGRAPHY, -9966.7, 
1, 4, Tech, TECH_POTTERY, 66.3, RESEARCHING
1, 4, Tech, TECH_ANIMAL_HUSBANDRY, 60.3, 
1, 4, Tech, TECH_MINING, 60.3, 
1, 4, Tech, TECH_SAILING, 32.3, 
1, 4, Tech, TECH_ASTROLOGY, 84.8, 
1, 4, Tech, TECH_IRRIGATION, 77.8, 
1, 4, Tech, TECH_ARCHERY, 69.8, 
1, 4, Tech, TECH_WRITING, 126.7, GOAL
1, 4, Tech, TECH_MASONRY, -9938.8, 
1, 4, Tech, TECH_BRONZE_WORKING, -14908.1, BOOSTED
1, 4, Tech, TECH_THE_WHEEL, -9938.8, 
1, 4, Tech, TECH_CELESTIAL_NAVIGATION, -9910.2, 
1, 4, Tech, TECH_CURRENCY, -9914.5, 
1, 4, Tech, TECH_HORSEBACK_RIDING, -9929.2, 
1, 4, Tech, TECH_IRON_WORKING, -9938.8, 
1, 4, Tech, TECH_SHIPBUILDING, -9966.7, 
1, 4, Tech, TECH_ENGINEERING, -9938.8, 
1, 4, Tech, TECH_CARTOGRAPHY, -9966.7, 
1, 5, Tech, TECH_POTTERY, 66.3, RESEARCHING
1, 5, Tech, TECH_ANIMAL_HUSBANDRY, 60.3, 
1, 5, Tech, TECH_MINING, 60.3, 
1, 5, Tech, TECH_SAILING, 32.3, 
1, 5, Tech, TECH_ASTROLOGY, 56.5, 
1, 5, Tech, TECH_IRRIGATION, 77.8, BOOSTED
1, 5, Tech, TECH_ARCHERY, 69.8, 
1, 5, Tech, TECH_WRITING, 84.5, GOAL
1, 5, Tech, TECH_MASONRY, -9938.8, 
1, 5, Tech, TECH_BRONZE_WORKING, -9938.8, 
1, 5, Tech, TECH_THE_WHEEL, -9938.8, 
1, 5, Tech, TECH_CELESTIAL_NAVIGATION, -9910.2, 
1, 5, Tech, TECH_CURRENCY, -9914.5, 
1, 5, Tech, TECH_HORSEBACK_RIDING, -9929.2, 
1, 5, Tech, TECH_IRON_WORKING, -9938.8, 
1, 5, Tech, TECH_SHIPBUILDING, -9966.7, 
1, 5, Tech, TECH_ENGINEERING, -9938.8, 
1, 5, Tech, TECH_CARTOGRAPHY, -9966.7, 
1, 6, Tech, TECH_POTTERY, 66.3, RESEARCHING
1, 6, Tech, TECH_ANIMAL_HUSBANDRY, 60.3, 
1, 6, Tech, TECH_MINING, 60.3, 
1, 6, Tech, TECH_SAILING, 32.3, 
1, 6, Tech, TECH_ASTROLOGY, 56.5, 
1, 6, Tech, TECH_IRRIGATION, 77.8, 
1, 6, Tech, TECH_ARCHERY, 69.8, 
1, 6, Tech, TECH_WRITING, 84.5, GOAL
1, 6, Tech, TECH_MASONRY, -9938.8, 
1, 6, Tech, TECH_BRONZE_WORKING, -9938.8, 
1, 6, Tech, TECH_THE_WHEEL, -9938.8, 
1, 6, Tech, TECH_CELESTIAL_NAVIGATION, -9910.2, 
1, 6, Tech, TECH_CURRENCY, -9914.5, 
1, 6, Tech, TECH_HORSEBACK_RIDING, -9929.2, 
1, 6, Tech, TECH_IRON_WORKING, -9938.8, 
1, 6, Tech, TECH_SHIPBUILDING, -9966.7, 
1, 6, Tech, TECH_ENGINEERING, -9938.8, 
1, 6, Tech, TECH_CARTOGRAPHY, -9966.7, 
1, 7, Tech, TECH_POTTERY, 66.3, RESEARCHING
1, 7, Tech, TECH_ANIMAL_HUSBANDRY, 60.3, 
1, 7, Tech, TECH_MINING, 60.3, 
1, 7, Tech, TECH_SAILING, 32.3, 
1, 7, Tech, TECH_ASTROLOGY, 56.5, 
1, 7, Tech, TECH_IRRIGATION, 77.8, 
1, 7, Tech, TECH_ARCHERY, 69.8, 
1, 7, Tech, TECH_WRITING, 84.5, GOAL
1, 7, Tech, TECH_MASONRY, -9938.8, 
1, 7, Tech, TECH_BRONZE_WORKING, -9938.8, 
1, 7, Tech, TECH_THE_WHEEL, -9938.8, 
1, 7, Tech, TECH_CELESTIAL_NAVIGATION, -9910.2, 
1, 7, Tech, TECH_CURRENCY, -9914.5, 
1, 7, Tech, TECH_HORSEBACK_RIDING, -9929.2, 
1, 7, Tech, TECH_IRON_WORKING, -9938.8, 
1, 7, Tech, TECH_SHIPBUILDING, -9966.7, 
1, 7, Tech, TECH_ENGINEERING, -9938.8, 
1, 7, Tech, TECH_CARTOGRAPHY, -9966.7, 
1, 8, Tech, TECH_POTTERY, 66.3, RESEARCHING
1, 8, Tech, TECH_ANIMAL_HUSBANDRY, 60.3, 
1, 8, Tech, TECH_MINING, 60.3, 
1, 8, Tech, TECH_SAILING, 32.3, 
1, 8, Tech, TECH_ASTROLOGY, 56.5, 
1, 8, Tech, TECH_IRRIGATION, 77.8, 
1, 8, Tech, TECH_ARCHERY, 69.8, 
1, 8, Tech, TECH_WRITING, 84.5, GOAL
1, 8, Tech, TECH_MASONRY, -9938.8, 
1, 8, Tech, TECH_BRONZE_WORKING, -9938.8, 
1, 8, Tech, TECH_THE_WHEEL, -9938.8, 
1, 8, Tech, TECH_CELESTIAL_NAVIGATION, -9910.2, 
1, 8, Tech, TECH_CURRENCY, -9914.5, 
1, 8, Tech, TECH_HORSEBACK_RIDING, -9929.2, 
1, 8, Tech, TECH_IRON_WORKING, -9938.8, 
1, 8, Tech, TECH_SHIPBUILDING, -9966.7, 
1, 8, Tech, TECH_ENGINEERING, -9938.8, 
1, 8, Tech, TECH_CARTOGRAPHY, -9966.7, 
1, 9, Tech, TECH_POTTERY, 66.3, RESEARCHING
1, 9, Tech, TECH_ANIMAL_HUSBANDRY, 60.3, 
1, 9, Tech, TECH_MINING, 60.3, 
1, 9, Tech, TECH_SAILING, 32.3, 
1, 9, Tech, TECH_ASTROLOGY, 56.5, 
1, 9, Tech, TECH_IRRIGATION, 77.8, 
1, 9, Tech, TECH_ARCHERY, 69.8, 
1, 9, Tech, TECH_WRITING, 84.5, GOAL
1, 9, Tech, TECH_MASONRY, -9938.8, 
1, 9, Tech, TECH_BRONZE_WORKING, -9938.8, 
1, 9, Tech, TECH_THE_WHEEL, -9938.8, 
1, 9, Tech, TECH_CELESTIAL_NAVIGATION, -9910.2, 
1, 9, Tech, TECH_CURRENCY, -9914.5, 
1, 9, Tech, TECH_HORSEBACK_RIDING, -9929.2, 
1, 9, Tech, TECH_IRON_WORKING, -9938.8, 
1, 9, Tech, TECH_SHIPBUILDING, -9966.7, 
1, 9, Tech, TECH_ENGINEERING, -9938.8, 
1, 9, Tech, TECH_CARTOGRAPHY, -9966.7, 
1, 10, Tech, TECH_POTTERY, 66.3, RESEARCHING
1, 10, Tech, TECH_ANIMAL_HUSBANDRY, 60.3, 
1, 10, Tech, TECH_MINING, 60.3, 
1, 10, Tech, TECH_SAILING, 32.3, 
1, 10, Tech, TECH_ASTROLOGY, 56.5, 
1, 10, Tech, TECH_IRRIGATION, 77.8, 
1, 10, Tech, TECH_ARCHERY, 69.8, 
1, 10, Tech, TECH_WRITING, 84.5, GOAL
1, 10, Tech, TECH_MASONRY, -9938.8, 
1, 10, Tech, TECH_BRONZE_WORKING, -9938.8, 
1, 10, Tech, TECH_THE_WHEEL, -9938.8, 
1, 10, Tech, TECH_CELESTIAL_NAVIGATION, -9910.2, 
1, 10, Tech, TECH_CURRENCY, -9914.5, 
1, 10, Tech, TECH_HORSEBACK_RIDING, -9929.2, 
1, 10, Tech, TECH_IRON_WORKING, -9938.8, 
1, 10, Tech, TECH_SHIPBUILDING, -9966.7, 
1, 10, Tech, TECH_ENGINEERING, -9938.8, 
1, 10, Tech, TECH_CARTOGRAPHY, -9966.7, 
1, 11, Tech, TECH_POTTERY, 66.3, RESEARCHING
1, 11, Tech, TECH_ANIMAL_HUSBANDRY, 60.3, 
1, 11, Tech, TECH_MINING, 60.3, 
1, 11, Tech, TECH_SAILING, 32.3, 
1, 11, Tech, TECH_ASTROLOGY, 56.5, 
1, 11, Tech, TECH_IRRIGATION, 77.8, 
1, 11, Tech, TECH_ARCHERY, 69.8, 
1, 11, Tech, TECH_WRITING, 84.5, GOAL
1, 11, Tech, TECH_MASONRY, -9938.8, 
1, 11, Tech, TECH_BRONZE_WORKING, -9938.8, 
1, 11, Tech, TECH_THE_WHEEL, -9938.8, 
1, 11, Tech, TECH_CELESTIAL_NAVIGATION, -9910.2, 
1, 11, Tech, TECH_CURRENCY, -9914.5, 
1, 11, Tech, TECH_HORSEBACK_RIDING, -9929.2, 
1, 11, Tech, TECH_IRON_WORKING, -9938.8, 
1, 11, Tech, TECH_SHIPBUILDING, -9966.7, 
1, 11, Tech, TECH_ENGINEERING, -9938.8, 
1, 11, Tech, TECH_CARTOGRAPHY, -9966.7, 
1, 12, Tech, TECH_POTTERY, 66.3, RESEARCHING
1, 12, Tech, TECH_ANIMAL_HUSBANDRY, 60.3, 
1, 12, Tech, TECH_MINING, 60.3, 
1, 12, Tech, TECH_SAILING, 32.3, 
1, 12, Tech, TECH_ASTROLOGY, 56.5, 
1, 12, Tech, TECH_IRRIGATION, 77.8, 
1, 12, Tech, TECH_ARCHERY, 69.8, 
1, 12, Tech, TECH_WRITING, 84.5, GOAL
1, 12, Tech, TECH_MASONRY, -9938.8, 
1, 12, Tech, TECH_BRONZE_WORKING, -9938.8, 
1, 12, Tech, TECH_THE_WHEEL, -9938.8, 
1, 12, Tech, TECH_CELESTIAL_NAVIGATION, -9910.2, 
1, 12, Tech, TECH_CURRENCY, -9914.5, 
1, 12, Tech, TECH_HORSEBACK_RIDING, -9929.2, 
1, 12, Tech, TECH_IRON_WORKING, -9938.8, 
1, 12, Tech, TECH_SHIPBUILDING, -9966.7, 
1, 12, Tech, TECH_ENGINEERING, -9938.8, 
1, 12, Tech, TECH_CARTOGRAPHY, -9966.7, 
1, 13, Tech, TECH_POTTERY, 66.3, RESEARCHING
1, 13, Tech, TECH_ANIMAL_HUSBANDRY, 60.3, 
1, 13, Tech, TECH_MINING, 60.3, 
1, 13, Tech, TECH_SAILING, 32.3, 
1, 13, Tech, TECH_ASTROLOGY, 56.5, 
1, 13, Tech, TECH_IRRIGATION, 77.8, 
1, 13, Tech, TECH_ARCHERY, 69.8, 
1, 13, Tech, TECH_WRITING, 84.5, GOAL
1, 13, Tech, TECH_MASONRY, -9938.8, 
1, 13, Tech, TECH_BRONZE_WORKING, -9938.8, 
1, 13, Tech, TECH_THE_WHEEL, -9938.8, 
1, 13, Tech, TECH_CELESTIAL_NAVIGATION, -9910.2, 
1, 13, Tech, TECH_CURRENCY, -9914.5, 
1, 13, Tech, TECH_HORSEBACK_RIDING, -9929.2, 
1, 13, Tech, TECH_IRON_WORKING, -9938.8, 
1, 13, Tech, TECH_SHIPBUILDING, -9966.7, 
1, 13, Tech, TECH_ENGINEERING, -9938.8, 
1, 13, Tech, TECH_CARTOGRAPHY, -9966.7, 
1, 14, Tech, TECH_POTTERY, 66.3, RESEARCHING
1, 14, Tech, TECH_ANIMAL_HUSBANDRY, 60.3, 
1, 14, Tech, TECH_MINING, 60.3, 
1, 14, Tech, TECH_SAILING, 32.3, 
1, 14, Tech, TECH_ASTROLOGY, 56.5, 
1, 14, Tech, TECH_IRRIGATION, 77.8, 
1, 14, Tech, TECH_ARCHERY, 69.8, 
1, 14, Tech, TECH_WRITING, 84.5, GOAL
1, 14, Tech, TECH_MASONRY, -9938.8, 
1, 14, Tech, TECH_BRONZE_WORKING, -9938.8, 
1, 14, Tech, TECH_THE_WHEEL, -9938.8, 
1, 14, Tech, TECH_CELESTIAL_NAVIGATION, -9910.2, 
1, 14, Tech, TECH_CURRENCY, -9914.5, 
1, 14, Tech, TECH_HORSEBACK_RIDING, -9929.2, 
1, 14, Tech, TECH_IRON_WORKING, -9938.8, 
1, 14, Tech, TECH_SHIPBUILDING, -9966.7, 
1, 14, Tech, TECH_ENGINEERING, -9938.8, 
1, 14, Tech, TECH_CARTOGRAPHY, -9966.7, 
2, 0, Tech, TECH_POTTERY, 90.9, 
2, 0, Tech, TECH_ANIMAL_HUSBANDRY, 82.6, 
2, 0, Tech, TECH_MINING, 82.6, 
2, 0, Tech, TECH_SAILING, 91.1, RESEARCHING
2, 0, Tech, TECH_ASTROLOGY, 143.7, 
2, 0, Tech, TECH_IRRIGATION, 154.8, 
2, 0, Tech, TECH_ARCHERY, 135.9, 
2, 0, Tech, TECH_WRITING, 192.0, 
2, 0, Tech, TECH_MASONRY, 132.1, 
2, 0, Tech, TECH_BRONZE_WORKING, 241.6, 
2, 0, Tech, TECH_THE_WHEEL, 130.6, 
2, 0, Tech, TECH_CELESTIAL_NAVIGATION, 259.9, 
2, 0, Tech, TECH_CURRENCY, 213.1, 
2, 0, Tech, TECH_HORSEBACK_RIDING, 148.1, 
2, 0, Tech, TECH_IRON_WORKING, 143.2, 
2, 0, Tech, TECH_SHIPBUILDING, 102.3, 
2, 0, Tech, TECH_ENGINEERING, -9868.4, 
2, 0, Tech, TECH_CARTOGRAPHY, -9896.7, 
2, 1, Tech, TECH_POTTERY, 66.3, RESEARCHING
2, 1, Tech, TECH_ANIMAL_HUSBANDRY, 60.3, 
2, 1, Tech, TECH_MINING, 60.3, 
2, 1, Tech, TECH_SAILING, 32.3, 
2, 1, Tech, TECH_ASTROLOGY, 84.8, 
2, 1, Tech, TECH_IRRIGATION, 116.7, GOAL
2, 1, Tech, TECH_ARCHERY, 69.8, 
2, 1, Tech, TECH_WRITING, 84.5, 
2, 1, Tech, TECH_MASONRY, -9938.8, BOOSTED
2, 1, Tech, TECH_BRONZE_WORKING, -9938.8, 
2, 1, Tech, TECH_THE_WHEEL, -9938.8, 
2, 1, Tech, TECH_CELESTIAL_NAVIGATION, -9910.2, 
2, 1, Tech, TECH_CURRENCY, -9914.5, 
2, 1, Tech, TECH_HORSEBACK_RIDING, -14893.8, 
2, 1, Tech, TECH_IRON_WORKING, -9938.8, 
2, 1, Tech, TECH_SHIPBUILDING, -9966.7, 
2, 1, Tech, TECH_ENGINEERING, -9938.8, 
2, 1, Tech, TECH_CARTOGRAPHY, -9966.7, 
2, 2, Tech, TECH_POTTERY, 100.7, RESEARCHING
2, 2, Tech, TECH_ANIMAL_HUSBANDRY, 86.9, 
2, 2, Tech, TECH_MINING, 86.9, 
2, 2, Tech, TECH_SAILING, 82.1, 
2, 2, Tech, TECH_ASTROLOGY, 143.7, 
2, 2, Tech, TECH_IRRIGATION, 185.3, BOOSTED
2, 2, Tech, TECH_ARCHERY, 140.6, 
2, 2, Tech, TECH_WRITING, 215.2, GOAL
2, 2, Tech, TECH_MASONRY, 142.0, 
2, 2, Tech, TECH_BRONZE_WORKING, 167.3, 
2, 2, Tech, TECH_THE_WHEEL, 133.5, 
2, 2, Tech, TECH_CELESTIAL_NAVIGATION, 250.9, 
2, 2, Tech, TECH_CURRENCY, 246.4, 
2, 2, Tech, TECH_HORSEBACK_RIDING, 158.4, 
2, 2, Tech, TECH_IRON_WORKING, 154.3, 
2, 2, Tech, TECH_SHIPBUILDING, 95.5, 
2, 2, Tech, TECH_ENGINEERING, -9865.5, 
2, 2, Tech, TECH_CARTOGRAPHY, -9903.5, 
2, 3, Tech, TECH_POTTERY, 95.7, 
2, 3, Tech, TECH_ANIMAL_HUSBANDRY, 137.2, RESEARCHING
2, 3, Tech, TECH_MINING, 86.9, 
2, 3, Tech, TECH_SAILING, 82.1, 
2, 3, Tech, TECH_ASTROLOGY, 143.7, 
2, 3, Tech, TECH_IRRIGATION, 160.1, 
2, 3, Tech, TECH_ARCHERY, 151.7, 
2, 3, Tech, TECH_WRITING, 225.7, BOOSTED
2, 3, Tech, TECH_MASONRY, 142.0, 
2, 3, Tech, TECH_BRONZE_WORKING, 167.3, 
2, 3, Tech, TECH_THE_WHEEL, 133.5, 
2, 3, Tech, TECH_CELESTIAL_NAVIGATION, 250.9, 
2, 3, Tech, TECH_CURRENCY, 267.0, 
2, 3, Tech, TECH_HORSEBACK_RIDING, 169.8, 
2, 3, Tech, TECH_IRON_WORKING, 267.4, 
2, 3, Tech, TECH_SHIPBUILDING, 95.5, 
2, 3, Tech, TECH_ENGINEERING, -14798.3, 
2, 3, Tech, TECH_CARTOGRAPHY, -9903.5, 
2, 4, Tech, TECH_POTTERY, 100.7, RESEARCHING
2, 4, Tech, TECH_ANIMAL_HUSBANDRY, 86.9, 
2, 4, Tech, TECH_MINING, 86.9, 
2, 4, Tech, TECH_SAILING, 82.1, 
2, 4, Tech, TECH_ASTROLOGY, 215.5, 
2, 4, Tech, TECH_IRRIGATION, 173.0, 
2, 4, Tech, TECH_ARCHERY, 140.6, 
2, 4, Tech, TECH_WRITING, 322.7, GOAL
2, 4, Tech, TECH_MASONRY, 142.0, 
2, 4, Tech, TECH_BRONZE_WORKING, 304.9, BOOSTED
2, 4, Tech, TECH_THE_WHEEL, 133.5, 
2, 4, Tech, TECH_CELESTIAL_NAVIGATION, 250.9, 
2, 4, Tech, TECH_CURRENCY, 246.4, 
2, 4, Tech, TECH_HORSEBACK_RIDING, 158.4, 
2, 4, Tech, TECH_IRON_WORKING, 208.9, 
2, 4, Tech, TECH_SHIPBUILDING, 95.5, 
2, 4, Tech, TECH_ENGINEERING, -9865.5, 
2, 4, Tech, TECH_CARTOGRAPHY, -9903.5, 
2, 5, Tech, TECH_POTTERY, 100.7, RESEARCHING
2, 5, Tech, TECH_ANIMAL_HUSBANDRY, 86.9, 
2, 5, Tech, TECH_MINING, 86.9, 
2, 5, Tech, TECH_SAILING, 99.2, BOOSTED
2, 5, Tech, TECH_ASTROLOGY, 143.7, 
2, 5, Tech, TECH_IRRIGATION, 185.3, BOOSTED
2, 5, Tech, TECH_ARCHERY, 140.6, 
2, 5, Tech, TECH_WRITING, 215.2, GOAL
2, 5, Tech, TECH_MASONRY, 142.0, 
2, 5, Tech, TECH_BRONZE_WORKING, 167.3, 
2, 5, Tech, TECH_THE_WHEEL, 133.5, 
2, 5, Tech, TECH_CELESTIAL_NAVIGATION, 277.7, 
2, 5, Tech, TECH_CURRENCY, 246.4, 
2, 5, Tech, TECH_HORSEBACK_RIDING, 158.4, 
2, 5, Tech, TECH_IRON_WORKING, 154.3, 
2, 5, Tech, TECH_SHIPBUILDING, 123.2, 
2, 5, Tech, TECH_ENGINEERING, -9865.5, 
2, 5, Tech, TECH_CARTOGRAPHY, -9875.8, 
2, 6, Tech, TECH_POTTERY, 95.7, RESEARCHING
2, 6, Tech, TECH_ANIMAL_HUSBANDRY, 82.6, 
2, 6, Tech, TECH_MINING, 82.6, 
2, 6, Tech, TECH_SAILING, 82.1, 
2, 6, Tech, TECH_ASTROLOGY, 143.7, 
2, 6, Tech, TECH_IRRIGATION, 160.1, 
2, 6, Tech, TECH_ARCHERY, 135.9, 
2, 6, Tech, TECH_WRITING, 197.7, GOAL
2, 6, Tech, TECH_MASONRY, 132.1, 
2, 6, Tech, TECH_BRONZE_WORKING, 155.0, 
2, 6, Tech, TECH_THE_WHEEL, 124.5, 
2, 6, Tech, TECH_CELESTIAL_NAVIGATION, 246.2, 
2, 6, Tech, TECH_CURRENCY, 223.7, 
2, 6, Tech, TECH_HORSEBACK_RIDING, 148.1, 
2, 6, Tech, TECH_IRON_WORKING, 154.1, 
2, 6, Tech, TECH_SHIPBUILDING, 91.4, 
2, 6, Tech, TECH_ENGINEERING, -9874.5, 
2, 6, Tech, TECH_CARTOGRAPHY, -9907.6, 
2, 7, Tech, TECH_POTTERY, 95.7, RESEARCHING
2, 7, Tech, TECH_ANIMAL_HUSBANDRY, 82.6, 
2, 7, Tech, TECH_MINING, 82.6, 
2, 7, Tech, TECH_SAILING, 82.1, 
2, 7, Tech, TECH_ASTROLOGY, 143.7, 
2, 7, Tech, TECH_IRRIGATION, 160.1, 
2, 7, Tech, TECH_ARCHERY, 135.9, 
2, 7, Tech, TECH_WRITING, 197.7, GOAL
2, 7, Tech, TECH_MASONRY, 132.1, 
2, 7, Tech, TECH_BRONZE_WORKING, 155.0, 
2, 7, Tech, TECH_THE_WHEEL, 124.5, 
2, 7, Tech, TECH_CELESTIAL_NAVIGATION, 246.2, 
2, 7, Tech, TECH_CURRENCY, 223.7, 
2, 7, Tech, TECH_HORSEBACK_RIDING, 148.1, 
2, 7, Tech, TECH_IRON_WORKING, 154.1, 
2, 7, Tech, TECH_SHIPBUILDING, 91.4, 
2, 7, Tech, TECH_ENGINEERING, -9874.5, 
2, 7, Tech, TECH_CARTOGRAPHY, -9907.6, 
2, 8, Tech, TECH_POTTERY, 95.7, RESEARCHING
2, 8, Tech, TECH_ANIMAL_HUSBANDRY, 82.6, 
2, 8, Tech, TECH_MINING, 82.6, 
2, 8, Tech, TECH_SAILING, 82.1, 
2, 8, Tech, TECH_ASTROLOGY, 143.7, 
2, 8, Tech, TECH_IRRIGATION, 160.1, 
2, 8, Tech, TECH_ARCHERY, 135.9, 
2, 8, Tech, TECH_WRITING, 197.7, GOAL
2, 8, Tech, TECH_MASONRY, 132.1, 
2, 8, Tech, TECH_BRONZE_WORKING, 155.0, 
2, 8, Tech, TECH_THE_WHEEL, 124.5, 
2, 8, Tech, TECH_CELESTIAL_NAVIGATION, 246.2, 
2, 8, Tech, TECH_CURRENCY, 223.7, 
2, 8, Tech, TECH_HORSEBACK_RIDING, 148.1, 
2, 8, Tech, TECH_IRON_WORKING, 154.1, 
2, 8, Tech, TECH_SHIPBUILDING, 91.4, 
2, 8, Tech, TECH_ENGINEERING, -9874.5, 
2, 8, Tech, TECH_CARTOGRAPHY, -9907.6, 
2, 9, Tech, TECH_POTTERY, 95.7, RESEARCHING
2, 9, Tech, TECH_ANIMAL_HUSBANDRY, 82.6, 
2, 9, Tech, TECH_MINING, 82.6, 
2, 9, Tech, TECH_SAILING, 82.1, 
2, 9, Tech, TECH_ASTROLOGY, 143.7, 
2, 9, Tech, TECH_IRRIGATION, 160.1, 
2, 9, Tech, TECH_ARCHERY, 135.9, 
2, 9, Tech, TECH_WRITING, 197.7, GOAL
2, 9, Tech, TECH_MASONRY, 132.1, 
2, 9, Tech, TECH_BRONZE_WORKING, 155.0, 
2, 9, Tech, TECH_THE_WHEEL, 124.5, 
2, 9, Tech, TECH_CELESTIAL_NAVIGATION, 246.2, 
2, 9, Tech, TECH_CURRENCY, 223.7, 
2, 9, Tech, TECH_HORSEBACK_RIDING, 148.1, 
2, 9, Tech, TECH_IRON_WORKING, 154.1, 
2, 9, Tech, TECH_SHIPBUILDING, 91.4, 
2, 9, Tech, TECH_ENGINEERING, -9874.5, 
2, 9, Tech, TECH_CARTOGRAPHY, -9907.6, 
2, 10, Tech, TECH_POTTERY, 95.7, RESEARCHING
2, 10, Tech, TECH_ANIMAL_HUSBANDRY, 82.6, 
2, 10, Tech, TECH_MINING, 82.6, 
2, 10, Tech, TECH_SAILING, 82.1, 
2, 10, Tech, TECH_ASTROLOGY, 143.7, 
2, 10, Tech, TECH_IRRIGATION, 160.1, 
2, 10, Tech, TECH_ARCHERY, 135.9, 
2, 10, Tech, TECH_WRITING, 197.7, GOAL
2, 10, Tech, TECH_MASONRY, 132.1, 
2, 10, Tech, TECH_BRONZE_WORKING, 155.0, 
2, 10, Tech, TECH_THE_WHEEL, 124.5, 
2, 10, Tech, TECH_CELESTIAL_NAVIGATION, 246.2, 
2, 10, Tech, TECH_CURRENCY, 223.7, 
2, 10, Tech, TECH_HORSEBACK_RIDING, 148.1, 
2, 10, Tech, TECH_IRON_WORKING, 154.1, 
2, 10, Tech, TECH_SHIPBUILDING, 91.4, 
2, 10, Tech, TECH_ENGINEERING, -9874.5, 
2, 10, Tech, TECH_CARTOGRAPHY, -9907.6, 
2, 11, Tech, TECH_POTTERY, 95.7, RESEARCHING
2, 11, Tech, TECH_ANIMAL_HUSBANDRY, 82.6, 
2, 11, Tech, TECH_MINING, 82.6, 
2, 11, Tech, TECH_SAILING, 82.1, 
2, 11, Tech, TECH_ASTROLOGY, 143.7, 
2, 11, Tech, TECH_IRRIGATION, 160.1, 
2, 11, Tech, TECH_ARCHERY, 135.9, 
2, 11, Tech, TECH_WRITING, 197.7, GOAL
2, 11, Tech, TECH_MASONRY, 132.1, 
2, 11, Tech, TECH_BRONZE_WORKING, 155.0, 
2, 11, Tech, TECH_THE_WHEEL, 124.5, 
2, 11, Tech, TECH_CELESTIAL_NAVIGATION, 246.2, 
2, 11, Tech, TECH_CURRENCY, 223.7, 
2, 11, Tech, TECH_HORSEBACK_RIDING, 148.1, 
2, 11, Tech, TECH_IRON_WORKING, 154.1, 
2, 11, Tech, TECH_SHIPBUILDING, 91.4, 
2, 11, Tech, TECH_ENGINEERING, -9874.5, 
2, 11, Tech, TECH_CARTOGRAPHY, -9907.6, 
2, 12, Tech, TECH_POTTERY, 95.7, RESEARCHING
2, 12, Tech, TECH_ANIMAL_HUSBANDRY, 82.6, 
2, 12, Tech, TECH_MINING, 82.6, 
2, 12, Tech, TECH_SAILING, 82.1, 
2, 12, Tech, TECH_ASTROLOGY, 143.7, 
2, 12, Tech, TECH_IRRIGATION, 160.1, 
2, 12, Tech, TECH_ARCHERY, 135.9, 
2, 12, Tech, TECH_WRITING, 197.7, GOAL
2, 12, Tech, TECH_MASONRY, 132.1, 
2, 12, Tech, TECH_BRONZE_WORKING, 155.0, 
2, 12, Tech, TECH_THE_WHEEL, 124.5, 
2, 12, Tech, TECH_CELESTIAL_NAVIGATION, 246.2, 
2, 12, Tech, TECH_CURRENCY, 223.7, 
2, 12, Tech, TECH_HORSEBACK_RIDING, 148.1, 
2, 12, Tech, TECH_IRON_WORKING, 154.1, 
2, 12, Tech, TECH_SHIPBUILDING, 91.4, 
2, 12, Tech, TECH_ENGINEERING, -9874.5, 
2, 12, Tech, TECH_CARTOGRAPHY, -9907.6, 
2, 13, Tech, TECH_POTTERY, 95.7, RESEARCHING
2, 13, Tech, TECH_ANIMAL_HUSBANDRY, 82.6, 
2, 13, Tech, TECH_MINING, 82.6, 
2, 13, Tech, TECH_SAILING, 82.1, 
2, 13, Tech, TECH_ASTROLOGY, 143.7, 
2, 13, Tech, TECH_IRRIGATION, 160.1, 
2, 13, Tech, TECH_ARCHERY, 135.9, 
2, 13, Tech, TECH_WRITING, 197.7, GOAL
2, 13, Tech, TECH_MASONRY, 132.1, 
2, 13, Tech, TECH_BRONZE_WORKING, 155.0, 
2, 13, Tech, TECH_THE_WHEEL, 124.5, 
2, 13, Tech, TECH_CELESTIAL_NAVIGATION, 246.2, 
2, 13, Tech, TECH_CURRENCY, 223.7, 
2, 13, Tech, TECH_HORSEBACK_RIDING, 148.1, 
2, 13, Tech, TECH_IRON_WORKING, 154.1, 
2, 13, Tech, TECH_SHIPBUILDING, 91.4, 
2, 13, Tech, TECH_ENGINEERING, -9874.5, 
2, 13, Tech, TECH_CARTOGRAPHY, -9907.6, 
2, 14, Tech, TECH_POTTERY, 95.7, RESEARCHING
2, 14, Tech, TECH_ANIMAL_HUSBANDRY, 82.6, 
2, 14, Tech, TECH_MINING, 82.6, 
2, 14, Tech, TECH_SAILING, 82.1, 
2, 14, Tech, TECH_ASTROLOGY, 143.7, 
2, 14, Tech, TECH_IRRIGATION, 160.1, 
2, 14, Tech, TECH_ARCHERY, 135.9, 
2, 14, Tech, TECH_WRITING, 197.7, GOAL
2, 14, Tech, TECH_MASONRY, 132.1, 
2, 14, Tech, TECH_BRONZE_WORKING, 155.0, 
2, 14, Tech, TECH_THE_WHEEL, 124.5, 
2, 14, Tech, TECH_CELESTIAL_NAVIGATION, 246.2, 
2, 14, Tech, TECH_CURRENCY, 223.7, 
2, 14, Tech, TECH_HORSEBACK_RIDING, 148.1, 
2, 14, Tech, TECH_IRON_WORKING, 154.1, 
2, 14, Tech, TECH_SHIPBUILDING, 91.4, 
2, 14, Tech, TECH_ENGINEERING, -9874.5, 
2, 14, Tech, TECH_CARTOGRAPHY, -9907.6, 
3, 0, Tech, TECH_POTTERY, 90.9, 
3, 0, Tech, TECH_ANIMAL_HUSBANDRY, 82.6, 
3, 0, Tech, TECH_MINING, 82.6, 
3, 0, Tech, TECH_SAILING, 93.7, RESEARCHING
3, 0, Tech, TECH_ASTROLOGY, 143.7, 
3, 0, Tech, TECH_IRRIGATION, 154.8, 
3, 0, Tech, TECH_ARCHERY, 155.8, 
3, 0, Tech, TECH_WRITING, 192.0, 
3, 0, Tech, TECH_MASONRY, 132.1, 
3, 0, Tech, TECH_BRONZE_WORKING, 232.5, 
3, 0, Tech, TECH_THE_WHEEL, 124.5, 
3, 0, Tech, TECH_CELESTIAL_NAVIGATION, 259.3, 
3, 0, Tech, TECH_CURRENCY, 213.1, 
3, 0, Tech, TECH_HORSEBACK_RIDING, 168.0, 
3, 0, Tech, TECH_IRON_WORKING, 137.1, 
3, 0, Tech, TECH_SHIPBUILDING, 107.1, 
3, 0, Tech, TECH_ENGINEERING, -9874.5, 
3, 0, Tech, TECH_CARTOGRAPHY, -9891.9, 
3, 1, Tech, TECH_POTTERY, 100.7, RESEARCHING
3, 1, Tech, TECH_ANIMAL_HUSBANDRY, 86.9, 
3, 1, Tech, TECH_MINING, 86.9, 
3, 1, Tech, TECH_SAILING, 82.1, 
3, 1, Tech, TECH_ASTROLOGY, 215.5, 
3, 1, Tech, TECH_IRRIGATION, 259.4, GOAL
3, 1, Tech, TECH_ARCHERY, 140.6, 
3, 1, Tech, TECH_WRITING, 215.2, 
3, 1, Tech, TECH_MASONRY, 166.6, BOOSTED
3, 1, Tech, TECH_BRONZE_WORKING, 167.3, 
3, 1, Tech, TECH_THE_WHEEL, 133.5, 
3, 1, Tech, TECH_CELESTIAL_NAVIGATION, 250.9, 
3, 1, Tech, TECH_CURRENCY, 246.4, 
3, 1, Tech, TECH_HORSEBACK_RIDING, 237.5, 
3, 1, Tech, TECH_IRON_WORKING, 154.3, 
3, 1, Tech, TECH_SHIPBUILDING, 95.5, 
3, 1, Tech, TECH_ENGINEERING, -9865.5, 
3, 1, Tech, TECH_CARTOGRAPHY, -9903.5, 
3, 2, Tech, TECH_POTTERY, 106.1, RESEARCHING
3, 2, Tech, TECH_ANIMAL_HUSBANDRY, 86.9, 
3, 2, Tech, TECH_MINING, 227.0, 
3, 2, Tech, TECH_SAILING, 82.1, 
3, 2, Tech, TECH_ASTROLOGY, 266.7, 
3, 2, Tech, TECH_IRRIGATION, 197.3, BOOSTED
3, 2, Tech, TECH_ARCHERY, 198.1, 
3, 2, Tech, TECH_WRITING, 222.5, GOAL
3, 2, Tech, TECH_MASONRY, 168.1, 
3, 2, Tech, TECH_BRONZE_WORKING, 221.2, 
3, 2, Tech, TECH_THE_WHEEL, 198.5, 
3, 2, Tech, TECH_CELESTIAL_NAVIGATION, 250.9, 
3, 2, Tech, TECH_CURRENCY, 255.9, 
3, 2, Tech, TECH_HORSEBACK_RIDING, 215.8, 
3, 2, Tech, TECH_IRON_WORKING, 208.1, 
3, 2, Tech, TECH_SHIPBUILDING, 95.5, 
3, 2, Tech, TECH_ENGINEERING, -9800.5, 
3, 2, Tech, TECH_CARTOGRAPHY, -9903.5, 
3, 2, Contract 8
3, 2, Contract 10
3, 3, Tech, TECH_POTTERY, 95.7, 
3, 3, Tech, TECH_ANIMAL_HUSBANDRY, 144.7, RESEARCHING
3, 3, Tech, TECH_MINING, 86.9, 
3, 3, Tech, TECH_SAILING, 82.1, 
3, 3, Tech, TECH_ASTROLOGY, 143.7, 
3, 3, Tech, TECH_IRRIGATION, 160.1, 
3, 3, Tech, TECH_ARCHERY, 215.2, 
3, 3, Tech, TECH_WRITING, 375.7, BOOSTED
3, 3, Tech, TECH_MASONRY, 158.0, 
3, 3, Tech, TECH_BRONZE_WORKING, 188.4, 
3, 3, Tech, TECH_THE_WHEEL, 163.1, 
3, 3, Tech, TECH_CELESTIAL_NAVIGATION, 250.9, 
3, 3, Tech, TECH_CURRENCY, 267.0, 
3, 3, Tech, TECH_HORSEBACK_RIDING, 234.5, 
3, 3, Tech, TECH_IRON_WORKING, 299.0, 
3, 3, Tech, TECH_SHIPBUILDING, 95.5, 
3, 3, Tech, TECH_ENGINEERING, -14753.8, 
3, 3, Tech, TECH_CARTOGRAPHY, -9903.5, 
3, 3, Contract 14
3, 3, Contract 15
3, 4, Tech, TECH_POTTERY, 106.1, RESEARCHING
3, 4, Tech, TECH_ANIMAL_HUSBANDRY, 152.2, 
3, 4, Tech, TECH_MINING, 173.9, 
3, 4, Tech, TECH_SAILING, 82.1, 
3, 4, Tech, TECH_ASTROLOGY, 445.0, 
3, 4, Tech, TECH_IRRIGATION, 206.6, 
3, 4, Tech, TECH_ARCHERY, 241.6, 
3, 4, Tech, TECH_WRITING, 333.7, GOAL
3, 4, Tech, TECH_MASONRY, 142.0, 
3, 4, Tech, TECH_BRONZE_WORKING, 352.8, BOOSTED
3, 4, Tech, TECH_THE_WHEEL, 154.9, 
3, 4, Tech, TECH_CELESTIAL_NAVIGATION, 250.9, 
3, 4, Tech, TECH_CURRENCY, 255.9, 
3, 4, Tech, TECH_HORSEBACK_RIDING, 259.3, 
3, 4, Tech, TECH_IRON_WORKING, 240.8, 
3, 4, Tech, TECH_SHIPBUILDING, 95.5, 
3, 4, Tech, TECH_ENGINEERING, -9844.1, 
3, 4, Tech, TECH_CARTOGRAPHY, -9903.5, 
3, 4, Contract 18
3, 4, Contract 21
3, 4, Contract 23
3, 5, Tech, TECH_POTTERY, 130.2, RESEARCHING
3, 5, Tech, TECH_ANIMAL_HUSBANDRY, 108.7, 
3, 5, Tech, TECH_MINING, 108.7, 
3, 5, Tech, TECH_SAILING, 126.6, BOOSTED
3, 5, Tech, TECH_ASTROLOGY, 194.3, BOOSTED
3, 5, Tech, TECH_IRRIGATION, 364.4, BOOSTED
3, 5, Tech, TECH_ARCHERY, 233.3, 
3, 5, Tech, TECH_WRITING, 415.9, GOAL
3, 5, Tech, TECH_MASONRY, 174.4, 
3, 5, Tech, TECH_BRONZE_WORKING, 227.4, 
3, 5, Tech, TECH_THE_WHEEL, 204.7, 
3, 5, Tech, TECH_CELESTIAL_NAVIGATION, 368.0, 
3, 5, Tech, TECH_CURRENCY, 299.8, 
3, 5, Tech, TECH_HORSEBACK_RIDING, 255.1, 
3, 5, Tech, TECH_IRON_WORKING, 217.1, 
3, 5, Tech, TECH_SHIPBUILDING, 153.4, 
3, 5, Tech, TECH_ENGINEERING, -9794.3, 
3, 5, Tech, TECH_CARTOGRAPHY, -9845.6, 
3, 5, Contract 27
3, 5, Contract 28
3, 5, Contract 30
3, 6, Tech, TECH_POTTERY, 100.7, RESEARCHING
3, 6, Tech, TECH_ANIMAL_HUSBANDRY, 82.6, 
3, 6, Tech, TECH_MINING, 82.6, 
3, 6, Tech, TECH_SAILING, 82.1, 
3, 6, Tech, TECH_ASTROLOGY, 143.7, 
3, 6, Tech, TECH_IRRIGATION, 173.0, 
3, 6, Tech, TECH_ARCHERY, 211.1, 
3, 6, Tech, TECH_WRITING, 215.2, GOAL
3, 6, Tech, TECH_MASONRY, 145.3, 
3, 6, Tech, TECH_BRONZE_WORKING, 174.9, 
3, 6, Tech, TECH_THE_WHEEL, 163.9, 
3, 6, Tech, TECH_CELESTIAL_NAVIGATION, 246.2, 
3, 6, Tech, TECH_CURRENCY, 243.9, 
3, 6, Tech, TECH_HORSEBACK_RIDING, 223.3, 
3, 6, Tech, TECH_IRON_WORKING, 174.0, 
3, 6, Tech, TECH_SHIPBUILDING, 91.4, 
3, 6, Tech, TECH_ENGINEERING, -9835.1, 
3, 6, Tech, TECH_CARTOGRAPHY, -9907.6, 
3, 6, Contract 31
3, 7, Tech, TECH_POTTERY, 100.7, RESEARCHING
3, 7, Tech, TECH_ANIMAL_HUSBANDRY, 82.6, 
3, 7, Tech, TECH_MINING, 82.6, 
3, 7, Tech, TECH_SAILING, 82.1, 
3, 7, Tech, TECH_ASTROLOGY, 143.7, 
3, 7, Tech, TECH_IRRIGATION, 173.0, 
3, 7, Tech, TECH_ARCHERY, 211.1, 
3, 7, Tech, TECH_WRITING, 215.2, GOAL
3, 7, Tech, TECH_MASONRY, 145.3, 
3, 7, Tech, TECH_BRONZE_WORKING, 174.9, 
3, 7, Tech, TECH_THE_WHEEL, 163.9, 
3, 7, Tech, TECH_CELESTIAL_NAVIGATION, 246.2, 
3, 7, Tech, TECH_CURRENCY, 267.9, 
3, 7, Tech, TECH_HORSEBACK_RIDING, 223.3, 
3, 7, Tech, TECH_IRON_WORKING, 174.0, 
3, 7, Tech, TECH_SHIPBUILDING, 91.4, 
3, 7, Tech, TECH_ENGINEERING, -9835.1, 
3, 7, Tech, TECH_CARTOGRAPHY, -9907.6, 
3, 7, Contract 33
3, 7, Contract 34
3, 8, Tech, TECH_POTTERY, 100.7, RESEARCHING
3, 8, Tech, TECH_ANIMAL_HUSBANDRY, 82.6, 
3, 8, Tech, TECH_MINING, 82.6, 
3, 8, Tech, TECH_SAILING, 82.1, 
3, 8, Tech, TECH_ASTROLOGY, 143.7, 
3, 8, Tech, TECH_IRRIGATION, 191.1, 
3, 8, Tech, TECH_ARCHERY, 212.4, 
3, 8, Tech, TECH_WRITING, 339.2, GOAL
3, 8, Tech, TECH_MASONRY, 150.3, 
3, 8, Tech, TECH_BRONZE_WORKING, 181.2, 
3, 8, Tech, TECH_THE_WHEEL, 176.3, 
3, 8, Tech, TECH_CELESTIAL_NAVIGATION, 246.2, 
3, 8, Tech, TECH_CURRENCY, 243.9, 
3, 8, Tech, TECH_HORSEBACK_RIDING, 224.6, 
3, 8, Tech, TECH_IRON_WORKING, 180.2, 
3, 8, Tech, TECH_SHIPBUILDING, 91.4, 
3, 8, Tech, TECH_ENGINEERING, -9822.7, 
3, 8, Tech, TECH_CARTOGRAPHY, -9907.6, 
3, 8, Contract 36
3, 8, Contract 37
3, 9, Tech, TECH_POTTERY, 100.7, RESEARCHING
3, 9, Tech, TECH_ANIMAL_HUSBANDRY, 82.6, 
3, 9, Tech, TECH_MINING, 82.6, 
3, 9, Tech, TECH_SAILING, 82.1, 
3, 9, Tech, TECH_ASTROLOGY, 143.7, 
3, 9, Tech, TECH_IRRIGATION, 173.0, 
3, 9, Tech, TECH_ARCHERY, 212.4, 
3, 9, Tech, TECH_WRITING, 321.2, GOAL
3, 9, Tech, TECH_MASONRY, 150.3, 
3, 9, Tech, TECH_BRONZE_WORKING, 181.2, 
3, 9, Tech, TECH_THE_WHEEL, 176.3, 
3, 9, Tech, TECH_CELESTIAL_NAVIGATION, 246.2, 
3, 9, Tech, TECH_CURRENCY, 243.9, 
3, 9, Tech, TECH_HORSEBACK_RIDING, 224.6, 
3, 9, Tech, TECH_IRON_WORKING, 180.2, 
3, 9, Tech, TECH_SHIPBUILDING, 91.4, 
3, 9, Tech, TECH_ENGINEERING, -9822.7, 
3, 9, Tech, TECH_CARTOGRAPHY, -9907.6, 
3, 9, Contract 39
3, 9, Contract 40
3, 10, Tech, TECH_POTTERY, 100.7, RESEARCHING
3, 10, Tech, TECH_ANIMAL_HUSBANDRY, 82.6, 
3, 10, Tech, TECH_MINING, 144.6, 
3, 10, Tech, TECH_SAILING, 82.1, 
3, 10, Tech, TECH_ASTROLOGY, 143.7, 
3, 10, Tech, TECH_IRRIGATION, 173.0, 
3, 10, Tech, TECH_ARCHERY, 211.1, 
3, 10, Tech, TECH_WRITING, 351.2, GOAL
3, 10, Tech, TECH_MASONRY, 145.3, 
3, 10, Tech, TECH_BRONZE_WORKING, 174.9, 
3, 10, Tech, TECH_THE_WHEEL, 163.9, 
3, 10, Tech, TECH_CELESTIAL_NAVIGATION, 246.2, 
3, 10, Tech, TECH_CURRENCY, 243.9, 
3, 10, Tech, TECH_HORSEBACK_RIDING, 223.3, 
3, 10, Tech, TECH_IRON_WORKING, 174.0, 
3, 10, Tech, TECH_SHIPBUILDING, 91.4, 
3, 10, Tech, TECH_ENGINEERING, -9835.1, 
3, 10, Tech, TECH_CARTOGRAPHY, -9907.6, 
3, 10, Contract 42
3, 10, Contract 43
3, 10, Contract 44
3, 11, Tech, TECH_POTTERY, 100.7, RESEARCHING
3, 11, Tech, TECH_ANIMAL_HUSBANDRY, 82.6, 
3, 11, Tech, TECH_MINING, 107.5, 
3, 11, Tech, TECH_SAILING, 82.1, 
3, 11, Tech, TECH_ASTROLOGY, 322.7, 
3, 11, Tech, TECH_IRRIGATION, 237.0, 
3, 11, Tech, TECH_ARCHERY, 212.4, 
3, 11, Tech, TECH_WRITING, 215.2, GOAL
3, 11, Tech, TECH_MASONRY, 175.2, 
3, 11, Tech, TECH_BRONZE_WORKING, 206.0, 
3, 11, Tech, TECH_THE_WHEEL, 201.2, 
3, 11, Tech, TECH_CELESTIAL_NAVIGATION, 246.2, 
3, 11, Tech, TECH_CURRENCY, 243.9, 
3, 11, Tech, TECH_HORSEBACK_RIDING, 224.6, 
3, 11, Tech, TECH_IRON_WORKING, 205.1, 
3, 11, Tech, TECH_SHIPBUILDING, 91.4, 
3, 11, Tech, TECH_ENGINEERING, -9797.8, 
3, 11, Tech, TECH_CARTOGRAPHY, -9907.6, 
3, 11, Contract 45
3, 11, Contract 46
3, 11, Contract 47
3, 12, Tech, TECH_POTTERY, 100.7, RESEARCHING
3, 12, Tech, TECH_ANIMAL_HUSBANDRY, 146.6, 
3, 12, Tech, TECH_MINING, 82.6, 
3, 12, Tech, TECH_SAILING, 82.1, 
3, 12, Tech, TECH_ASTROLOGY, 143.7, 
3, 12, Tech, TECH_IRRIGATION, 173.0, 
3, 12, Tech, TECH_ARCHERY, 199.6, 
3, 12, Tech, TECH_WRITING, 215.2, GOAL
3, 12, Tech, TECH_MASONRY, 132.3, 
3, 12, Tech, TECH_BRONZE_WORKING, 174.1, 
3, 12, Tech, TECH_THE_WHEEL, 162.2, 
3, 12, Tech, TECH_CELESTIAL_NAVIGATION, 246.2, 
3, 12, Tech, TECH_CURRENCY, 243.9, 
3, 12, Tech, TECH_HORSEBACK_RIDING, 211.8, 
3, 12, Tech, TECH_IRON_WORKING, 173.2, 
3, 12, Tech, TECH_SHIPBUILDING, 91.4, 
3, 12, Tech, TECH_ENGINEERING, -9836.8, 
3, 12, Tech, TECH_CARTOGRAPHY, -9907.6, 
3, 12, Contract 50
3, 13, Tech, TECH_POTTERY, 100.7, RESEARCHING
3, 13, Tech, TECH_ANIMAL_HUSBANDRY, 82.6, 
3, 13, Tech, TECH_MINING, 146.6, 
3, 13, Tech, TECH_SAILING, 82.1, 
3, 13, Tech, TECH_ASTROLOGY, 143.7, 
3, 13, Tech, TECH_IRRIGATION, 173.0, 
3, 13, Tech, TECH_ARCHERY, 211.1, 
3, 13, Tech, TECH_WRITING, 215.2, GOAL
3, 13, Tech, TECH_MASONRY, 145.3, 
3, 13, Tech, TECH_BRONZE_WORKING, 230.9, 
3, 13, Tech, TECH_THE_WHEEL, 163.9, 
3, 13, Tech, TECH_CELESTIAL_NAVIGATION, 246.2, 
3, 13, Tech, TECH_CURRENCY, 243.9, 
3, 13, Tech, TECH_HORSEBACK_RIDING, 223.3, 
3, 13, Tech, TECH_IRON_WORKING, 174.0, 
3, 13, Tech, TECH_SHIPBUILDING, 91.4, 
3, 13, Tech, TECH_ENGINEERING, -9835.1, 
3, 13, Tech, TECH_CARTOGRAPHY, -9907.6, 
3, 13, Contract 52
3, 13, Contract 54
3, 13, Contract 55
3, 14, Tech, TECH_POTTERY, 100.7, RESEARCHING
3, 14, Tech, TECH_ANIMAL_HUSBANDRY, 82.6, 
3, 14, Tech, TECH_MINING, 82.6, 
3, 14, Tech, TECH_SAILING, 82.1, 
3, 14, Tech, TECH_ASTROLOGY, 290.7, 
3, 14, Tech, TECH_IRRIGATION, 173.0, 
3, 14, Tech, TECH_ARCHERY, 211.1, 
3, 14, Tech, TECH_WRITING, 215.2, GOAL
3, 14, Tech, TECH_MASONRY, 209.3, 
3, 14, Tech, TECH_BRONZE_WORKING, 174.9, 
3, 14, Tech, TECH_THE_WHEEL, 163.9, 
3, 14, Tech, TECH_CELESTIAL_NAVIGATION, 246.2, 
3, 14, Tech, TECH_CURRENCY, 243.9, 
3, 14, Tech, TECH_HORSEBACK_RIDING, 223.3, 
3, 14, Tech, TECH_IRON_WORKING, 174.0, 
3, 14, Tech, TECH_SHIPBUILDING, 91.4, 
3, 14, Tech, TECH_ENGINEERING, -9835.1, 
3, 14, Tech, TECH_CARTOGRAPHY, -9907.6, 
3, 14, Contract 57
3, 14, Contract 58
3, 14, Contract 59
4, 0, Tech, TECH_POTTERY, 90.9, 
4, 0, Tech, TECH_ANIMAL_HUSBANDRY, 82.6, 
4, 0, Tech, TECH_MINING, 82.6, 
4, 0, Tech, TECH_SAILING, 99.2, RESEARCHING
4, 0, Tech, TECH_ASTROLOGY, 143.7, 
4, 0, Tech, TECH_IRRIGATION, 154.8, 
4, 0, Tech, TECH_ARCHERY, 159.8, 
4, 0, Tech, TECH_WRITING, 192.0, 
4, 0, Tech, TECH_MASONRY, 132.3, 
4, 0, Tech, TECH_BRONZE_WORKING, 245.0, 
4, 0, Tech, TECH_THE_WHEEL, 132.8, 
4, 0, Tech, TECH_CELESTIAL_NAVIGATION, 268.4, 
4, 0, Tech, TECH_CURRENCY, 213.1, 
4, 0, Tech, TECH_HORSEBACK_RIDING, 172.0, 
4, 0, Tech, TECH_IRON_WORKING, 145.4, 
4, 0, Tech, TECH_SHIPBUILDING, 116.7, 
4, 0, Tech, TECH_ENGINEERING, -9866.2, 
4, 0, Tech, TECH_CARTOGRAPHY, -9882.3, 
4, 1, Tech, TECH_POTTERY, 106.1, RESEARCHING
4, 1, Tech, TECH_ANIMAL_HUSBANDRY, 86.9, 
4, 1, Tech, TECH_MINING, 86.9, 
4, 1, Tech, TECH_SAILING, 82.1, 
4, 1, Tech, TECH_ASTROLOGY, 586.0, 
4, 1, Tech, TECH_IRRIGATION, 269.4, GOAL
4, 1, Tech, TECH_ARCHERY, 198.1, 
4, 1, Tech, TECH_WRITING, 222.5, 
4, 1, Tech, TECH_MASONRY, 193.7, BOOSTED
4, 1, Tech, TECH_BRONZE_WORKING, 195.1, 
4, 1, Tech, TECH_THE_WHEEL, 172.4, 
4, 1, Tech, TECH_CELESTIAL_NAVIGATION, 250.9, 
4, 1, Tech, TECH_CURRENCY, 255.9, 
4, 1, Tech, TECH_HORSEBACK_RIDING, 323.7, 
4, 1, Tech, TECH_IRON_WORKING, 182.0, 
4, 1, Tech, TECH_SHIPBUILDING, 95.5, 
4, 1, Tech, TECH_ENGINEERING, -9826.6, 
4, 1, Tech, TECH_CARTOGRAPHY, -9903.5, 
4, 1, Contract 63
4, 1, Contract 64
4, 1, Contract 66
4, 2, Tech, TECH_POTTERY, 110.6, RESEARCHING
4, 2, Tech, TECH_ANIMAL_HUSBANDRY, 86.9, 
4, 2, Tech, TECH_MINING, 227.0, 
4, 2, Tech, TECH_SAILING, 82.1, 
4, 2, Tech, TECH_ASTROLOGY, 266.7, 
4, 2, Tech, TECH_IRRIGATION, 244.3, BOOSTED
4, 2, Tech, TECH_ARCHERY, 184.4, 
4, 2, Tech, TECH_WRITING, 234.6, GOAL
4, 2, Tech, TECH_MASONRY, 168.2, 
4, 2, Tech, TECH_BRONZE_WORKING, 211.0, 
4, 2, Tech, TECH_THE_WHEEL, 184.1, 
4, 2, Tech, TECH_CELESTIAL_NAVIGATION, 250.9, 
4, 2, Tech, TECH_CURRENCY, 269.7, 
4, 2, Tech, TECH_HORSEBACK_RIDING, 202.1, 
4, 2, Tech, TECH_IRON_WORKING, 197.9, 
4, 2, Tech, TECH_SHIPBUILDING, 95.5, 
4, 2, Tech, TECH_ENGINEERING, -9814.9, 
4, 2, Tech, TECH_CARTOGRAPHY, -9903.5, 
4, 2, Contract 8
4, 2, Contract 10
4, 2, Contract 68
4, 3, Tech, TECH_POTTERY, 95.7, 
4, 3, Tech, TECH_ANIMAL_HUSBANDRY, 150.8, RESEARCHING
4, 3, Tech, TECH_MINING, 86.9, 
4, 3, Tech, TECH_SAILING, 91.1, 
4, 3, Tech, TECH_ASTROLOGY, 159.5, 
4, 3, Tech, TECH_IRRIGATION, 187.5, 
4, 3, Tech, TECH_ARCHERY, 230.9, 
4, 3, Tech, TECH_WRITING, 379.8, BOOSTED
4, 3, Tech, TECH_MASONRY, 167.8, 
4, 3, Tech, TECH_BRONZE_WORKING, 273.0, 
4, 3, Tech, TECH_THE_WHEEL, 166.2, 
4, 3, Tech, TECH_CELESTIAL_NAVIGATION, 293.1, 
4, 3, Tech, TECH_CURRENCY, 287.4, 
4, 3, Tech, TECH_HORSEBACK_RIDING, 264.3, 
4, 3, Tech, TECH_IRON_WORKING, 324.9, 
4, 3, Tech, TECH_SHIPBUILDING, 124.5, 
4, 3, Tech, TECH_ENGINEERING, 265.7, 
4, 3, Tech, TECH_CARTOGRAPHY, -9874.5, 
4, 3, Contract 14
4, 3, Contract 15
4, 3, Contract 70
4, 4, Tech, TECH_POTTERY, 110.6, RESEARCHING
4, 4, Tech, TECH_ANIMAL_HUSBANDRY, 160.1, 
4, 4, Tech, TECH_MINING, 91.5, 
4, 4, Tech, TECH_SAILING, 99.2, 
4, 4, Tech, TECH_ASTROLOGY, 489.9, 
4, 4, Tech, TECH_IRRIGATION, 231.3, 
4, 4, Tech, TECH_ARCHERY, 262.3, 
4, 4, Tech, TECH_WRITING, 388.4, GOAL
4, 4, Tech, TECH_MASONRY, 171.3, 
4, 4, Tech, TECH_BRONZE_WORKING, 398.3, BOOSTED
4, 4, Tech, TECH_THE_WHEEL, 178.9, 
4, 4, Tech, TECH_CELESTIAL_NAVIGATION, 345.1, 
4, 4, Tech, TECH_CURRENCY, 339.3, 
4, 4, Tech, TECH_HORSEBACK_RIDING, 304.1, 
4, 4, Tech, TECH_IRON_WORKING, 294.8, 
4, 4, Tech, TECH_SHIPBUILDING, 166.0, 
4, 4, Tech, TECH_ENGINEERING, 212.2, 
4, 4, Tech, TECH_CARTOGRAPHY, -9833.0, 
4, 4, Contract 21
4, 4, Contract 23
4, 5, Tech, TECH_POTTERY, 135.8, RESEARCHING
4, 5, Tech, TECH_ANIMAL_HUSBANDRY, 108.7, 
4, 5, Tech, TECH_MINING, 108.7, 
4, 5, Tech, TECH_SAILING, 131.7, BOOSTED
4, 5, Tech, TECH_ASTROLOGY, 204.3, BOOSTED
4, 5, Tech, TECH_IRRIGATION, 379.7, BOOSTED
4, 5, Tech, TECH_ARCHERY, 229.0, 
4, 5, Tech, TECH_WRITING, 441.6, GOAL
4, 5, Tech, TECH_MASONRY, 185.9, 
4, 5, Tech, TECH_BRONZE_WORKING, 233.2, 
4, 5, Tech, TECH_THE_WHEEL, 200.4, 
4, 5, Tech, TECH_CELESTIAL_NAVIGATION, 413.4, 
4, 5, Tech, TECH_CURRENCY, 352.9, 
4, 5, Tech, TECH_HORSEBACK_RIDING, 259.7, 
4, 5, Tech, TECH_IRON_WORKING, 231.2, 
4, 5, Tech, TECH_SHIPBUILDING, 174.8, 
4, 5, Tech, TECH_ENGINEERING, 212.9, 
4, 5, Tech, TECH_CARTOGRAPHY, -9824.2, 
4, 5, Contract 27
4, 5, Contract 28
4, 5, Contract 30
4, 6, Tech, TECH_POTTERY, 110.6, RESEARCHING
4, 6, Tech, TECH_ANIMAL_HUSBANDRY, 86.9, 
4, 6, Tech, TECH_MINING, 86.9, 
4, 6, Tech, TECH_SAILING, 84.7, 
4, 6, Tech, TECH_ASTROLOGY, 148.2, 
4, 6, Tech, TECH_IRRIGATION, 192.7, 
4, 6, Tech, TECH_ARCHERY, 198.1, 
4, 6, Tech, TECH_WRITING, 240.6, GOAL
4, 6, Tech, TECH_MASONRY, 159.9, 
4, 6, Tech, TECH_BRONZE_WORKING, 182.5, 
4, 6, Tech, TECH_THE_WHEEL, 153.4, 
4, 6, Tech, TECH_CELESTIAL_NAVIGATION, 270.0, 
4, 6, Tech, TECH_CURRENCY, 289.9, 
4, 6, Tech, TECH_HORSEBACK_RIDING, 222.0, 
4, 6, Tech, TECH_IRON_WORKING, 191.7, 
4, 6, Tech, TECH_SHIPBUILDING, 105.7, 
4, 6, Tech, TECH_ENGINEERING, 161.0, 
4, 6, Tech, TECH_CARTOGRAPHY, -9893.3, 
4, 6, Contract 31
4, 7, Tech, TECH_POTTERY, 106.1, RESEARCHING
4, 7, Tech, TECH_ANIMAL_HUSBANDRY, 82.6, 
4, 7, Tech, TECH_MINING, 82.6, 
4, 7, Tech, TECH_SAILING, 82.1, 
4, 7, Tech, TECH_ASTROLOGY, 143.7, 
4, 7, Tech, TECH_IRRIGATION, 179.6, 
4, 7, Tech, TECH_ARCHERY, 186.8, 
4, 7, Tech, TECH_WRITING, 222.5, GOAL
4, 7, Tech, TECH_MASONRY, 145.2, 
4, 7, Tech, TECH_BRONZE_WORKING, 162.9, 
4, 7, Tech, TECH_THE_WHEEL, 140.3, 
4, 7, Tech, TECH_CELESTIAL_NAVIGATION, 246.2, 
4, 7, Tech, TECH_CURRENCY, 277.1, 
4, 7, Tech, TECH_HORSEBACK_RIDING, 198.9, 
4, 7, Tech, TECH_IRON_WORKING, 162.0, 
4, 7, Tech, TECH_SHIPBUILDING, 91.4, 
4, 7, Tech, TECH_ENGINEERING, -9858.7, 
4, 7, Tech, TECH_CARTOGRAPHY, -9907.6, 
4, 7, Contract 33
4, 7, Contract 34
4, 8, Tech, TECH_POTTERY, 106.1, RESEARCHING
4, 8, Tech, TECH_ANIMAL_HUSBANDRY, 82.6, 
4, 8, Tech, TECH_MINING, 82.6, 
4, 8, Tech, TECH_SAILING, 82.1, 
4, 8, Tech, TECH_ASTROLOGY, 143.7, 
4, 8, Tech, TECH_IRRIGATION, 198.0, 
4, 8, Tech, TECH_ARCHERY, 180.2, 
4, 8, Tech, TECH_WRITING, 346.5, GOAL
4, 8, Tech, TECH_MASONRY, 150.3, 
4, 8, Tech, TECH_BRONZE_WORKING, 167.0, 
4, 8, Tech, TECH_THE_WHEEL, 148.5, 
4, 8, Tech, TECH_CELESTIAL_NAVIGATION, 246.2, 
4, 8, Tech, TECH_CURRENCY, 253.1, 
4, 8, Tech, TECH_HORSEBACK_RIDING, 192.4, 
4, 8, Tech, TECH_IRON_WORKING, 166.1, 
4, 8, Tech, TECH_SHIPBUILDING, 91.4, 
4, 8, Tech, TECH_ENGINEERING, -9850.5, 
4, 8, Tech, TECH_CARTOGRAPHY, -9907.6, 
4, 8, Contract 36
4, 8, Contract 37
4, 9, Tech, TECH_POTTERY, 106.1, RESEARCHING
4, 9, Tech, TECH_ANIMAL_HUSBANDRY, 82.6, 
4, 9, Tech, TECH_MINING, 82.6, 
4, 9, Tech, TECH_SAILING, 82.1, 
4, 9, Tech, TECH_ASTROLOGY, 143.7, 
4, 9, Tech, TECH_IRRIGATION, 179.6, 
4, 9, Tech, TECH_ARCHERY, 180.2, 
4, 9, Tech, TECH_WRITING, 328.5, GOAL
4, 9, Tech, TECH_MASONRY, 150.3, 
4, 9, Tech, TECH_BRONZE_WORKING, 167.0, 
4, 9, Tech, TECH_THE_WHEEL, 148.5, 
4, 9, Tech, TECH_CELESTIAL_NAVIGATION, 246.2, 
4, 9, Tech, TECH_CURRENCY, 253.1, 
4, 9, Tech, TECH_HORSEBACK_RIDING, 192.4, 
4, 9, Tech, TECH_IRON_WORKING, 166.1, 
4, 9, Tech, TECH_SHIPBUILDING, 91.4, 
4, 9, Tech, TECH_ENGINEERING, -9850.5, 
4, 9, Tech, TECH_CARTOGRAPHY, -9907.6, 
4, 9, Contract 39
4, 9, Contract 40
4, 10, Tech, TECH_POTTERY, 106.1, RESEARCHING
4, 10, Tech, TECH_ANIMAL_HUSBANDRY, 82.6, 
4, 10, Tech, TECH_MINING, 144.6, 
4, 10, Tech, TECH_SAILING, 82.1, 
4, 10, Tech, TECH_ASTROLOGY, 143.7, 
4, 10, Tech, TECH_IRRIGATION, 179.6, 
4, 10, Tech, TECH_ARCHERY, 186.8, 
4, 10, Tech, TECH_WRITING, 358.5, GOAL
4, 10, Tech, TECH_MASONRY, 145.2, 
4, 10, Tech, TECH_BRONZE_WORKING, 162.9, 
4, 10, Tech, TECH_THE_WHEEL, 140.3, 
4, 10, Tech, TECH_CELESTIAL_NAVIGATION, 246.2, 
4, 10, Tech, TECH_CURRENCY, 253.1, 
4, 10, Tech, TECH_HORSEBACK_RIDING, 198.9, 
4, 10, Tech, TECH_IRON_WORKING, 162.0, 
4, 10, Tech, TECH_SHIPBUILDING, 91.4, 
4, 10, Tech, TECH_ENGINEERING, -9858.7, 
4, 10, Tech, TECH_CARTOGRAPHY, -9907.6, 
4, 10, Contract 42
4, 10, Contract 43
4, 10, Contract 44
4, 11, Tech, TECH_POTTERY, 106.1, RESEARCHING
4, 11, Tech, TECH_ANIMAL_HUSBANDRY, 82.6, 
4, 11, Tech, TECH_MINING, 107.5, 
4, 11, Tech, TECH_SAILING, 82.1, 
4, 11, Tech, TECH_ASTROLOGY, 352.6, BOOSTED
4, 11, Tech, TECH_IRRIGATION, 243.6, 
4, 11, Tech, TECH_ARCHERY, 180.2, 
4, 11, Tech, TECH_WRITING, 222.5, GOAL
4, 11, Tech, TECH_MASONRY, 175.2, 
4, 11, Tech, TECH_BRONZE_WORKING, 191.8, 
4, 11, Tech, TECH_THE_WHEEL, 173.3, 
4, 11, Tech, TECH_CELESTIAL_NAVIGATION, 281.2, 
4, 11, Tech, TECH_CURRENCY, 253.1, 
4, 11, Tech, TECH_HORSEBACK_RIDING, 192.4, 
4, 11, Tech, TECH_IRON_WORKING, 190.9, 
4, 11, Tech, TECH_SHIPBUILDING, 91.4, 
4, 11, Tech, TECH_ENGINEERING, -9825.7, 
4, 11, Tech, TECH_CARTOGRAPHY, -9907.6, 
4, 11, Contract 45
4, 11, Contract 46
4, 11, Contract 47
4, 12, Tech, TECH_POTTERY, 110.6, RESEARCHING
4, 12, Tech, TECH_ANIMAL_HUSBANDRY, 150.9, 
4, 12, Tech, TECH_MINING, 86.9, 
4, 12, Tech, TECH_SAILING, 84.7, 
4, 12, Tech, TECH_ASTROLOGY, 148.2, 
4, 12, Tech, TECH_IRRIGATION, 192.7, 
4, 12, Tech, TECH_ARCHERY, 188.5, 
4, 12, Tech, TECH_WRITING, 240.6, GOAL
4, 12, Tech, TECH_MASONRY, 147.0, 
4, 12, Tech, TECH_BRONZE_WORKING, 181.9, 
4, 12, Tech, TECH_THE_WHEEL, 152.1, 
4, 12, Tech, TECH_CELESTIAL_NAVIGATION, 270.0, 
4, 12, Tech, TECH_CURRENCY, 289.9, 
4, 12, Tech, TECH_HORSEBACK_RIDING, 212.4, 
4, 12, Tech, TECH_IRON_WORKING, 191.0, 
4, 12, Tech, TECH_SHIPBUILDING, 105.7, 
4, 12, Tech, TECH_ENGINEERING, 159.8, 
4, 12, Tech, TECH_CARTOGRAPHY, -9893.3, 
4, 12, Contract 50
4, 13, Tech, TECH_POTTERY, 106.1, RESEARCHING
4, 13, Tech, TECH_ANIMAL_HUSBANDRY, 82.6, 
4, 13, Tech, TECH_MINING, 146.6, 
4, 13, Tech, TECH_SAILING, 82.1, 
4, 13, Tech, TECH_ASTROLOGY, 143.7, 
4, 13, Tech, TECH_IRRIGATION, 179.6, 
4, 13, Tech, TECH_ARCHERY, 186.8, 
4, 13, Tech, TECH_WRITING, 222.5, GOAL
4, 13, Tech, TECH_MASONRY, 145.2, 
4, 13, Tech, TECH_BRONZE_WORKING, 218.9, 
4, 13, Tech, TECH_THE_WHEEL, 140.3, 
4, 13, Tech, TECH_CELESTIAL_NAVIGATION, 246.2, 
4, 13, Tech, TECH_CURRENCY, 253.1, 
4, 13, Tech, TECH_HORSEBACK_RIDING, 198.9, 
4, 13, Tech, TECH_IRON_WORKING, 162.0, 
4, 13, Tech, TECH_SHIPBUILDING, 91.4, 
4, 13, Tech, TECH_ENGINEERING, -9858.7, 
4, 13, Tech, TECH_CARTOGRAPHY, -9907.6, 
4, 13, Contract 52
4, 13, Contract 54
4, 13, Contract 55
4, 14, Tech, TECH_POTTERY, 106.1, RESEARCHING
4, 14, Tech, TECH_ANIMAL_HUSBANDRY, 82.6, 
4, 14, Tech, TECH_MINING, 82.6, 
4, 14, Tech, TECH_SAILING, 82.1, 
4, 14, Tech, TECH_ASTROLOGY, 290.7, 
4, 14, Tech, TECH_IRRIGATION, 179.6, 
4, 14, Tech, TECH_ARCHERY, 186.8, 
4, 14, Tech, TECH_WRITING, 222.5, GOAL
4, 14, Tech, TECH_MASONRY, 209.2, 
4, 14, Tech, TECH_BRONZE_WORKING, 162.9, 
4, 14, Tech, TECH_THE_WHEEL, 140.3, 
4, 14, Tech, TECH_CELESTIAL_NAVIGATION, 246.2, 
4, 14, Tech, TECH_CURRENCY, 253.1, 
4, 14, Tech, TECH_HORSEBACK_RIDING, 198.9, 
4, 14, Tech, TECH_IRON_WORKING, 162.0, 
4, 14, Tech, TECH_SHIPBUILDING, 91.4, 
4, 14, Tech, TECH_ENGINEERING, -9858.7, 
4, 14, Tech, TECH_CARTOGRAPHY, -9907.6, 
4, 14, Contract 57
4, 14, Contract 58
4, 14, Contract 59
5, 0, Tech, TECH_POTTERY, 90.9, 
5, 0, Tech, TECH_ANIMAL_HUSBANDRY, 82.6, 
5, 0, Tech, TECH_MINING, 82.6, 
5, 0, Tech, TECH_SAILING, 104.3, RESEARCHING
5, 0, Tech, TECH_ASTROLOGY, 143.7, 
5, 0, Tech, TECH_IRRIGATION, 170.8, 
5, 0, Tech, TECH_ARCHERY, 171.1, 
5, 0, Tech, TECH_WRITING, 192.0, 
5, 0, Tech, TECH_MASONRY, 132.3, 
5, 0, Tech, TECH_BRONZE_WORKING, 251.0, 
5, 0, Tech, TECH_THE_WHEEL, 136.7, 
5, 0, Tech, TECH_CELESTIAL_NAVIGATION, 279.5, 
5, 0, Tech, TECH_CURRENCY, 213.1, 
5, 0, Tech, TECH_HORSEBACK_RIDING, 183.2, 
5, 0, Tech, TECH_IRON_WORKING, 149.4, 
5, 0, Tech, TECH_SHIPBUILDING, 123.9, 
5, 0, Tech, TECH_ENGINEERING, -9862.3, 
5, 0, Tech, TECH_CARTOGRAPHY, -9875.1, 
5, 1, Tech, TECH_POTTERY, 135.8, RESEARCHING
5, 1, Tech, TECH_ANIMAL_HUSBANDRY, 108.7, 
5, 1, Tech, TECH_MINING, 108.7, 
5, 1, Tech, TECH_SAILING, 99.2, 
5, 1, Tech, TECH_ASTROLOGY, 611.7, 
5, 1, Tech, TECH_IRRIGATION, 345.6, GOAL
5, 1, Tech, TECH_ARCHERY, 221.9, 
5, 1, Tech, TECH_WRITING, 276.1, 
5, 1, Tech, TECH_MASONRY, 230.9, BOOSTED
5, 1, Tech, TECH_BRONZE_WORKING, 218.2, 
5, 1, Tech, TECH_THE_WHEEL, 191.7, 
5, 1, Tech, TECH_CELESTIAL_NAVIGATION, 287.9, 
5, 1, Tech, TECH_CURRENCY, 315.8, 
5, 1, Tech, TECH_HORSEBACK_RIDING, 365.5, 
5, 1, Tech, TECH_IRON_WORKING, 207.9, 
5, 1, Tech, TECH_SHIPBUILDING, 114.1, 
5, 1, Tech, TECH_ENGINEERING, -9807.3, 
5, 1, Tech, TECH_CARTOGRAPHY, -9884.9, 
5, 1, Contract 63
5, 1, Contract 64
5, 1, Contract 66
5, 2, Tech, TECH_POTTERY, 0.0, OWNED
5, 2, Tech, TECH_ANIMAL_HUSBANDRY, 86.9, 
5, 2, Tech, TECH_MINING, 227.0, 
5, 2, Tech, TECH_SAILING, 91.1, 
5, 2, Tech, TECH_ASTROLOGY, 282.5, RESEARCHING
5, 2, Tech, TECH_IRRIGATION, 144.3, BOOSTED
5, 2, Tech, TECH_ARCHERY, 202.2, 
5, 2, Tech, TECH_WRITING, 144.3, 
5, 2, Tech, TECH_MASONRY, 177.8, 
5, 2, Tech, TECH_BRONZE_WORKING, 233.1, 
5, 2, Tech, TECH_THE_WHEEL, 203.5, 
5, 2, Tech, TECH_CELESTIAL_NAVIGATION, 293.1, GOAL
5, 2, Tech, TECH_CURRENCY, 203.2, 
5, 2, Tech, TECH_HORSEBACK_RIDING, 227.2, 
5, 2, Tech, TECH_IRON_WORKING, 226.8, 
5, 2, Tech, TECH_SHIPBUILDING, 126.6, 
5, 2, Tech, TECH_MATHEMATICS, 204.6, 
5, 2, Tech, TECH_ENGINEERING, 217.8, 
5, 2, Tech, TECH_CARTOGRAPHY, -9872.4, 
5, 2, Contract 8
5, 2, Contract 10
5, 2, Contract 68
5, 3, Tech, TECH_POTTERY, 100.7, 
5, 3, Tech, TECH_ANIMAL_HUSBANDRY, 0.0, OWNED
5, 3, Tech, TECH_MINING, 91.5, RESEARCHING
5, 3, Tech, TECH_SAILING, 91.1, 
5, 3, Tech, TECH_ASTROLOGY, 159.5, 
5, 3, Tech, TECH_IRRIGATION, 198.5, 
5, 3, Tech, TECH_ARCHERY, 161.6, 
5, 3, Tech, TECH_WRITING, 395.0, BOOSTED
5, 3, Tech, TECH_MASONRY, 176.9, 
5, 3, Tech, TECH_BRONZE_WORKING, 298.4, 
5, 3, Tech, TECH_THE_WHEEL, 194.6, 
5, 3, Tech, TECH_CELESTIAL_NAVIGATION, 293.1, 
5, 3, Tech, TECH_CURRENCY, 303.8, 
5, 3, Tech, TECH_HORSEBACK_RIDING, 195.6, 
5, 3, Tech, TECH_IRON_WORKING, 364.2, GOAL
5, 3, Tech, TECH_SHIPBUILDING, 126.6, 
5, 3, Tech, TECH_CONSTRUCTION, -9642.4, 
5, 3, Tech, TECH_ENGINEERING, 316.0, 
5, 3, Tech, TECH_STIRRUPS, -9803.4, 
5, 3, Tech, TECH_CARTOGRAPHY, -9872.4, 
5, 3, Contract 14
5, 3, Contract 15
5, 3, Contract 70
5, 3, Contract 73
5, 4, Tech, TECH_POTTERY, 0.0, OWNED
5, 4, Tech, TECH_ANIMAL_HUSBANDRY, 317.8, 
5, 4, Tech, TECH_MINING, 96.5, 
5, 4, Tech, TECH_SAILING, 104.3, 
5, 4, Tech, TECH_ASTROLOGY, 503.4, RESEARCHING
5, 4, Tech, TECH_IRRIGATION, 131.3, 
5, 4, Tech, TECH_ARCHERY, 310.2, 
5, 4, Tech, TECH_WRITING, 247.8, 
5, 4, Tech, TECH_MASONRY, 188.5, 
5, 4, Tech, TECH_BRONZE_WORKING, 455.0, BOOSTED
5, 4, Tech, TECH_THE_WHEEL, 223.5, 
5, 4, Tech, TECH_CELESTIAL_NAVIGATION, 384.2, 
5, 4, Tech, TECH_CURRENCY, 266.3, 
5, 4, Tech, TECH_HORSEBACK_RIDING, 386.2, 
5, 4, Tech, TECH_IRON_WORKING, 341.1, 
5, 4, Tech, TECH_SHIPBUILDING, 188.1, 
5, 4, Tech, TECH_MATHEMATICS, 288.5, 
5, 4, Tech, TECH_ENGINEERING, 278.1, 
5, 4, Tech, TECH_CARTOGRAPHY, -9810.9, 
5, 4, Contract 21
5, 4, Contract 23
5, 4, Contract 74
5, 5, Tech, TECH_POTTERY, 0.0, OWNED
5, 5, Tech, TECH_ANIMAL_HUSBANDRY, 114.4, 
5, 5, Tech, TECH_MINING, 114.4, 
5, 5, Tech, TECH_SAILING, 235.1, BOOSTED
5, 5, Tech, TECH_ASTROLOGY, 204.3, RESEARCHING
5, 5, Tech, TECH_IRRIGATION, 250.1, BOOSTED
5, 5, Tech, TECH_ARCHERY, 260.7, 
5, 5, Tech, TECH_WRITING, 317.3, 
5, 5, Tech, TECH_MASONRY, 197.2, 
5, 5, Tech, TECH_BRONZE_WORKING, 260.6, 
5, 5, Tech, TECH_THE_WHEEL, 230.9, 
5, 5, Tech, TECH_CELESTIAL_NAVIGATION, 516.9, GOAL
5, 5, Tech, TECH_CURRENCY, 229.9, 
5, 5, Tech, TECH_HORSEBACK_RIDING, 295.7, 
5, 5, Tech, TECH_IRON_WORKING, 259.7, 
5, 5, Tech, TECH_SHIPBUILDING, 280.4, 
5, 5, Tech, TECH_MATHEMATICS, 231.6, 
5, 5, Tech, TECH_ENGINEERING, 249.2, 
5, 5, Tech, TECH_CARTOGRAPHY, -9718.6, 
5, 5, Contract 27
5, 5, Contract 28
5, 5, Contract 30
5, 6, Tech, TECH_POTTERY, 0.0, OWNED
5, 6, Tech, TECH_ANIMAL_HUSBANDRY, 91.5, 
5, 6, Tech, TECH_MINING, 91.5, 
5, 6, Tech, TECH_SAILING, 91.1, 
5, 6, Tech, TECH_ASTROLOGY, 159.5, RESEARCHING
5, 6, Tech, TECH_IRRIGATION, 91.1, 
5, 6, Tech, TECH_ARCHERY, 227.1, 
5, 6, Tech, TECH_WRITING, 144.3, 
5, 6, Tech, TECH_MASONRY, 173.8, 
5, 6, Tech, TECH_BRONZE_WORKING, 218.7, 
5, 6, Tech, TECH_THE_WHEEL, 201.8, 
5, 6, Tech, TECH_CELESTIAL_NAVIGATION, 291.1, GOAL
5, 6, Tech, TECH_CURRENCY, 202.0, 
5, 6, Tech, TECH_HORSEBACK_RIDING, 252.0, 
5, 6, Tech, TECH_IRON_WORKING, 229.3, 
5, 6, Tech, TECH_SHIPBUILDING, 121.3, 
5, 6, Tech, TECH_MATHEMATICS, -9797.0, 
5, 6, Tech, TECH_ENGINEERING, 212.7, 
5, 6, Tech, TECH_CARTOGRAPHY, -9877.7, 
5, 6, Contract 31
5, 7, Tech, TECH_POTTERY, 0.0, OWNED
5, 7, Tech, TECH_ANIMAL_HUSBANDRY, 91.5, 
5, 7, Tech, TECH_MINING, 91.5, 
5, 7, Tech, TECH_SAILING, 91.1, 
5, 7, Tech, TECH_ASTROLOGY, 159.5, RESEARCHING
5, 7, Tech, TECH_IRRIGATION, 91.1, 
5, 7, Tech, TECH_ARCHERY, 201.1, 
5, 7, Tech, TECH_WRITING, 144.3, 
5, 7, Tech, TECH_MASONRY, 173.8, 
5, 7, Tech, TECH_BRONZE_WORKING, 204.6, 
5, 7, Tech, TECH_THE_WHEEL, 173.9, 
5, 7, Tech, TECH_CELESTIAL_NAVIGATION, 291.1, GOAL
5, 7, Tech, TECH_CURRENCY, 226.0, 
5, 7, Tech, TECH_HORSEBACK_RIDING, 226.0, 
5, 7, Tech, TECH_IRON_WORKING, 215.2, 
5, 7, Tech, TECH_SHIPBUILDING, 121.3, 
5, 7, Tech, TECH_MATHEMATICS, -9797.0, 
5, 7, Tech, TECH_ENGINEERING, 184.9, 
5, 7, Tech, TECH_CARTOGRAPHY, -9877.7, 
5, 7, Contract 33
5, 7, Contract 34
5, 8, Tech, TECH_POTTERY, 0.0, OWNED
5, 8, Tech, TECH_ANIMAL_HUSBANDRY, 91.5, 
5, 8, Tech, TECH_MINING, 91.5, 
5, 8, Tech, TECH_SAILING, 91.1, 
5, 8, Tech, TECH_ASTROLOGY, 159.5, RESEARCHING
5, 8, Tech, TECH_IRRIGATION, 114.0, 
5, 8, Tech, TECH_ARCHERY, 208.4, 
5, 8, Tech, TECH_WRITING, 268.3, 
5, 8, Tech, TECH_MASONRY, 178.8, 
5, 8, Tech, TECH_BRONZE_WORKING, 207.1, 
5, 8, Tech, TECH_THE_WHEEL, 178.8, 
5, 8, Tech, TECH_CELESTIAL_NAVIGATION, 291.1, GOAL
5, 8, Tech, TECH_CURRENCY, 202.0, 
5, 8, Tech, TECH_HORSEBACK_RIDING, 233.4, 
5, 8, Tech, TECH_IRON_WORKING, 217.7, 
5, 8, Tech, TECH_SHIPBUILDING, 121.3, 
5, 8, Tech, TECH_MATHEMATICS, -9797.0, 
5, 8, Tech, TECH_ENGINEERING, 189.8, 
5, 8, Tech, TECH_CARTOGRAPHY, -9877.7, 
5, 8, Contract 36
5, 8, Contract 37
5, 9, Tech, TECH_POTTERY, 0.0, OWNED
5, 9, Tech, TECH_ANIMAL_HUSBANDRY, 91.5, 
5, 9, Tech, TECH_MINING, 91.5, 
5, 9, Tech, TECH_SAILING, 91.1, 
5, 9, Tech, TECH_ASTROLOGY, 159.5, RESEARCHING
5, 9, Tech, TECH_IRRIGATION, 91.1, 
5, 9, Tech, TECH_ARCHERY, 198.3, 
5, 9, Tech, TECH_WRITING, 250.3, 
5, 9, Tech, TECH_MASONRY, 178.8, 
5, 9, Tech, TECH_BRONZE_WORKING, 204.0, 
5, 9, Tech, TECH_THE_WHEEL, 173.7, 
5, 9, Tech, TECH_CELESTIAL_NAVIGATION, 291.1, GOAL
5, 9, Tech, TECH_CURRENCY, 202.0, 
5, 9, Tech, TECH_HORSEBACK_RIDING, 223.3, 
5, 9, Tech, TECH_IRON_WORKING, 214.6, 
5, 9, Tech, TECH_SHIPBUILDING, 121.3, 
5, 9, Tech, TECH_MATHEMATICS, -9797.0, 
5, 9, Tech, TECH_ENGINEERING, 184.7, 
5, 9, Tech, TECH_CARTOGRAPHY, -9877.7, 
5, 9, Contract 39
5, 9, Contract 40
5, 10, Tech, TECH_POTTERY, 0.0, OWNED
5, 10, Tech, TECH_ANIMAL_HUSBANDRY, 91.5, 
5, 10, Tech, TECH_MINING, 153.5, 
5, 10, Tech, TECH_SAILING, 91.1, 
5, 10, Tech, TECH_ASTROLOGY, 159.5, 
5, 10, Tech, TECH_IRRIGATION, 91.1, 
5, 10, Tech, TECH_ARCHERY, 201.1, 
5, 10, Tech, TECH_WRITING, 280.3, RESEARCHING
5, 10, Tech, TECH_MASONRY, 173.8, 
5, 10, Tech, TECH_BRONZE_WORKING, 204.6, 
5, 10, Tech, TECH_THE_WHEEL, 173.9, 
5, 10, Tech, TECH_CELESTIAL_NAVIGATION, 291.1, 
5, 10, Tech, TECH_CURRENCY, 202.0, 
5, 10, Tech, TECH_HORSEBACK_RIDING, 226.0, 
5, 10, Tech, TECH_IRON_WORKING, 215.2, 
5, 10, Tech, TECH_SHIPBUILDING, 121.3, 
5, 10, Tech, TECH_MATHEMATICS, -9797.0, 
5, 10, Tech, TECH_ENGINEERING, 184.9, 
5, 10, Tech, TECH_CARTOGRAPHY, -9877.7, 
5, 10, Contract 42
5, 10, Contract 43
5, 10, Contract 44
5, 11, Tech, TECH_POTTERY, 0.0, OWNED
5, 11, Tech, TECH_ANIMAL_HUSBANDRY, 91.5, 
5, 11, Tech, TECH_MINING, 119.0, 
5, 11, Tech, TECH_SAILING, 91.1, 
5, 11, Tech, TECH_ASTROLOGY, 361.6, RESEARCHING
5, 11, Tech, TECH_IRRIGATION, 155.1, 
5, 11, Tech, TECH_ARCHERY, 208.4, 
5, 11, Tech, TECH_WRITING, 144.3, 
5, 11, Tech, TECH_MASONRY, 206.3, 
5, 11, Tech, TECH_BRONZE_WORKING, 234.6, 
5, 11, Tech, TECH_THE_WHEEL, 206.3, 
5, 11, Tech, TECH_CELESTIAL_NAVIGATION, 326.2, GOAL
5, 11, Tech, TECH_CURRENCY, 202.0, 
5, 11, Tech, TECH_HORSEBACK_RIDING, 233.4, 
5, 11, Tech, TECH_IRON_WORKING, 245.2, 
5, 11, Tech, TECH_SHIPBUILDING, 121.3, 
5, 11, Tech, TECH_MATHEMATICS, -9797.0, 
5, 11, Tech, TECH_ENGINEERING, 217.3, 
5, 11, Tech, TECH_CARTOGRAPHY, -9877.7, 
5, 11, Contract 45
5, 11, Contract 46
5, 11, Contract 47
5, 12, Tech, TECH_POTTERY, 0.0, OWNED
5, 12, Tech, TECH_ANIMAL_HUSBANDRY, 155.5, 
5, 12, Tech, TECH_MINING, 91.5, 
5, 12, Tech, TECH_SAILING, 91.1, 
5, 12, Tech, TECH_ASTROLOGY, 159.5, RESEARCHING
5, 12, Tech, TECH_IRRIGATION, 91.1, 
5, 12, Tech, TECH_ARCHERY, 202.0, 
5, 12, Tech, TECH_WRITING, 144.3, 
5, 12, Tech, TECH_MASONRY, 160.8, 
5, 12, Tech, TECH_BRONZE_WORKING, 211.7, 
5, 12, Tech, TECH_THE_WHEEL, 187.7, 
5, 12, Tech, TECH_CELESTIAL_NAVIGATION, 291.1, GOAL
5, 12, Tech, TECH_CURRENCY, 202.0, 
5, 12, Tech, TECH_HORSEBACK_RIDING, 227.0, 
5, 12, Tech, TECH_IRON_WORKING, 222.3, 
5, 12, Tech, TECH_SHIPBUILDING, 121.3, 
5, 12, Tech, TECH_MATHEMATICS, -9797.0, 
5, 12, Tech, TECH_ENGINEERING, 198.6, 
5, 12, Tech, TECH_CARTOGRAPHY, -9877.7, 
5, 12, Contract 50
5, 13, Tech, TECH_POTTERY, 0.0, OWNED
5, 13, Tech, TECH_ANIMAL_HUSBANDRY, 91.5, 
5, 13, Tech, TECH_MINING, 155.5, 
5, 13, Tech, TECH_SAILING, 91.1, 
5, 13, Tech, TECH_ASTROLOGY, 159.5, RESEARCHING
5, 13, Tech, TECH_IRRIGATION, 91.1, 
5, 13, Tech, TECH_ARCHERY, 201.1, 
5, 13, Tech, TECH_WRITING, 144.3, 
5, 13, Tech, TECH_MASONRY, 173.8, 
5, 13, Tech, TECH_BRONZE_WORKING, 260.6, 
5, 13, Tech, TECH_THE_WHEEL, 173.9, 
5, 13, Tech, TECH_CELESTIAL_NAVIGATION, 291.1, GOAL
5, 13, Tech, TECH_CURRENCY, 202.0, 
5, 13, Tech, TECH_HORSEBACK_RIDING, 226.0, 
5, 13, Tech, TECH_IRON_WORKING, 215.2, 
5, 13, Tech, TECH_SHIPBUILDING, 121.3, 
5, 13, Tech, TECH_MATHEMATICS, -9797.0, 
5, 13, Tech, TECH_ENGINEERING, 184.9, 
5, 13, Tech, TECH_CARTOGRAPHY, -9877.7, 
5, 13, Contract 52
5, 13, Contract 54
5, 13, Contract 55
5, 14, Tech, TECH_POTTERY, 0.0, OWNED
5, 14, Tech, TECH_ANIMAL_HUSBANDRY, 91.5, 
5, 14, Tech, TECH_MINING, 91.5, 
5, 14, Tech, TECH_SAILING, 91.1, 
5, 14, Tech, TECH_ASTROLOGY, 306.5, RESEARCHING
5, 14, Tech, TECH_IRRIGATION, 91.1, 
5, 14, Tech, TECH_ARCHERY, 201.1, 
5, 14, Tech, TECH_WRITING, 144.3, 
5, 14, Tech, TECH_MASONRY, 237.8, 
5, 14, Tech, TECH_BRONZE_WORKING, 204.6, 
5, 14, Tech, TECH_THE_WHEEL, 173.9, 
5, 14, Tech, TECH_CELESTIAL_NAVIGATION, 291.1, GOAL
5, 14, Tech, TECH_CURRENCY, 202.0, 
5, 14, Tech, TECH_HORSEBACK_RIDING, 226.0, 
5, 14, Tech, TECH_IRON_WORKING, 215.2, 
5, 14, Tech, TECH_SHIPBUILDING, 121.3, 
5, 14, Tech, TECH_MATHEMATICS, -9797.0, 
5, 14, Tech, TECH_ENGINEERING, 184.9, 
5, 14, Tech, TECH_CARTOGRAPHY, -9877.7, 
5, 14, Contract 57
5, 14, Contract 58
5, 14, Contract 59
6, 0, Tech, TECH_POTTERY, 90.9, 
6, 0, Tech, TECH_ANIMAL_HUSBANDRY, 82.6, 
6, 0, Tech, TECH_MINING, 82.6, 
6, 0, Tech, TECH_SAILING, 109.8, RESEARCHING
6, 0, Tech, TECH_ASTROLOGY, 143.7, 
6, 0, Tech, TECH_IRRIGATION, 170.8, 
6, 0, Tech, TECH_ARCHERY, 168.6, 
6, 0, Tech, TECH_WRITING, 192.0, 
6, 0, Tech, TECH_MASONRY, 132.2, 
6, 0, Tech, TECH_BRONZE_WORKING, 251.4, 
6, 0, Tech, TECH_THE_WHEEL, 136.9, 
6, 0, Tech, TECH_CELESTIAL_NAVIGATION, 288.3, 
6, 0, Tech, TECH_CURRENCY, 213.1, 
6, 0, Tech, TECH_HORSEBACK_RIDING, 180.8, 
6, 0, Tech, TECH_IRON_WORKING, 149.7, 
6, 0, Tech, TECH_SHIPBUILDING, 128.0, 
6, 0, Tech, TECH_ENGINEERING, -9862.1, 
6, 0, Tech, TECH_CARTOGRAPHY, -9871.0, 
